path_name,size
/.redeploy,32
/.replit,1241
/{"workflow":"test","payload":{}},488
/ðŸš€-DEPLOY-v7.0-NOW.txt,5424
/2FA-ENABLEMENT-GUIDE.md,6907
/ACCESS-REVIEW-CHECKLIST.md,8929
/ADD_TO_VERCEL.md,1926
/add_vercel_secrets.sh,3204
/API_KEY_ROTATION.md,1953
/attached_assets/Pasted--0-Repo-hygiene-git-add-A-true-git-reset-hard-git-pull-rebase-echo-WARN-no-remote--1762637555658_1762637555659.txt,8125
/attached_assets/Pasted--0-REQUIREMENTS-You-must-have-thes-1762692210656_1762692210657.txt,4863
/attached_assets/Pasted--0-SCOPE-GUARANTEES-AND-GUARDRAILS--1762871057906_1762871057907.txt,10148
/attached_assets/Pasted--1-INTEGRITY-FINALIZER-PACK-2-week-deliverable-Why-Enterprise-grade-trust-layer-immediate--1762866368893_1762866368893.txt,3275
/attached_assets/Pasted--ADD-AUTH-NEXTAUTH-RESEND-MAGIC-LINK-set-euo-pipefail-FRONT-levqor-site-cd-FRONT--1762554757360_1762554757360.txt,3722
/attached_assets/Pasted--COMMAND-EXECUTION-PLAN-INTELLIGENCE-STATUS-LOGGING-ERROR-DETAILS-WHY-Surface-root-c-1762877629322_1762877629323.txt,6970
/attached_assets/Pasted--FIX-DEPLOY-PRICING-PAGE-Goal-Add-Starter-19-and-Pro-49-plans-connect-both-to-S-1762680437536_1762680437537.txt,3682
/attached_assets/Pasted--GENESIS-v8-0-SECURITY-BURN-IN-MASTER-PROMPT-Day-1-7-Inputs-export-DOMAIN-levqor-a-1762880269207_1762880269207.txt,4883
/attached_assets/Pasted--GENESIS-v8-0-SECURITY-BURN-IN-MASTER-PROMPT-Day-1-7-Inputs-export-DOMAIN-levqor-a-1762880336910_1762880336911.txt,4883
/attached_assets/Pasted--Levqor-48-Hour-Sprint-Premium-UX-Live-Pricing-Trust-Setup-rm-f-git-index-lock-true-git-r-1762653417192_1762653417192.txt,2919
/attached_assets/Pasted--LEVQOR-AUTH-DASHBOARD-NEXTAUTH-RESEND-set-euo-pipefail-say-printf-n-033-1m-s-0-1762555396060_1762555396061.txt,6144
/attached_assets/Pasted--LEVQOR-BACKEND-BEGINNER-DEPLOYMENT-GUIDE-ONE-PROMPT-VERSION-STEP-1-DEPLOY-BACKEND-1762377030592_1762377030594.txt,3092
/attached_assets/Pasted--LEVQOR-DATA-INSIGHTS-REPORTS-v6-0-Phase-2-Goal-1762869752382_1762869752383.txt,8748
/attached_assets/Pasted--LEVQOR-DEVELOPER-PORTAL-FRONTEND-STRIPE-SETUP-Sc-1762868930825_1762868930826.txt,12448
/attached_assets/Pasted--levqor-fix-all-sh-final-end-to-end-fixer-for-Git-Vercel-Checkout-Safe-to-re-run-No-jq-Ex-1762789526337_1762789526338.txt,5036
/attached_assets/Pasted--LEVQOR-LIVE-TRIAGE-FIX-set-euo-pipefail-say-printf-n-033-1m-s-033-0m-n-1-o-1762553586620_1762553586622.txt,4707
/attached_assets/Pasted--LEVQOR-LIVE-VERIFY-REPAIR-set-euo-pipefail-say-printf-n-033-1m-s-033-0m-n-1--1762554370251_1762554370254.txt,3318
/attached_assets/Pasted--LEVQOR-v6-2-COMMAND-EX-1762608764121_1762608764122.txt,7607
/attached_assets/Pasted--LEVQOR-v7-0-INTELLIGENCE-EVOLUTION-LAYER--1762871520320_1762871520321.txt,8744
/attached_assets/Pasted--LEVQOR-v8-0-GENESIS-WEEK-0-1-INIT-Goal-create-1762874279004_1762874279006.txt,7264
/attached_assets/Pasted--OBJECTIVE-Apply-final-hardening-to-Levqor-backend-and-verify-1-Patch-run-py-with-HSTS--1762375390320_1762375390321.txt,2957
/attached_assets/Pasted--PHASE-3-PARTNER-API-REGISTRY--1762870262558_1762870262559.txt,7656
/attached_assets/Pasted--PHASE-A-PARTNER-ECOSYSTEM-PLUGIN-PART-1762866835822_1762866835823.txt,5348
/attached_assets/Pasted--PRICING-v2-1-Monthly-Yearly-Coupons-Blurb-VAT-note-Outcome-pricing-has-Mo-1762681475745_1762681475746.txt,8176
/attached_assets/Pasted--PRICING-v2-Monthly-Yearly-Coupons-Outcome-pricing-shows-Monthly-Yearly-toggle-1762681346644_1762681346645.txt,6489
/attached_assets/Pasted--STEP-1-PARTNER-API-MARKETPLACE-v6-0A--1762867510155_1762867510162.txt,5676
/attached_assets/Pasted--STEP-1-VALIDATE-REDEPLOY-SUCCESS-WHY-Ensures-production-integrity-before-expansion-begins--1762865079423_1762865079424.txt,4584
/attached_assets/Pasted-A-Developer-Portal-first-Fastest-unlock-foundational-for-partners-and-enterprise-COMMAND-1762868210131_1762868210132.txt,3386
/attached_assets/Pasted-cat-tmp-finish-sh-EOF-set-e-cd-workspace-levqor-site-1-Backup-mkdir-p-backups-cp-n-n-1762822267077_1762822267078.txt,2452
/attached_assets/Pasted-COMMAND-EXECUTION-PLAN-LEVQOR-v8-0-GENESIS-TRANSITION-CHECKLIST-CUTOVER-SCRIPT-Purpose-conver-1762871934074_1762871934075.txt,4935
/attached_assets/Pasted-Confirmed-Four-actions-complete-Now-close-the-endpoint-import-issue-verify-end-to-end-and-start--1762877019295_1762877019296.txt,5030
/attached_assets/Pasted-Correct-approach-keep-everything-100-production-grade-on-zero-extra-cost-Here-s-your-next-stage--1762891823954_1762891823955.txt,2378
/attached_assets/Pasted-FOCUS-Repair-Stripe-checkout-clean-redeploy-and-verify-You-are-operating-in-the-repo-that-contai-1762729261125_1762729261127.txt,6759
/attached_assets/Pasted-Focus-this-is-an-env-mapping-issue-not-Stripe-Your-API-is-running-but-can-t-see-the-price-IDs-at--1762784112203_1762784112204.txt,5974
/attached_assets/Pasted-Goal-Make-v6-5-admin-APIs-reachable-from-the-public-domain-and-verify-end-to-end-1-Add-a-public--1762639724151_1762639724151.txt,2368
/attached_assets/Pasted-Good-We-execute-a-clean-deterministic-fix-0-Inputs-you-must-have-ready-Live-Stripe-secret-sk--1762791564541_1762791564542.txt,6961
/attached_assets/Pasted-Good-We-execute-a-clean-deterministic-fix-0-Inputs-you-must-have-ready-Live-Stripe-secret-sk--1762791594948_1762791594948.txt,6961
/attached_assets/Pasted-Here-is-the-v6-3-Autonomy-Scaling-Command-Execution-Plan-and-a-single-AI-agent-prompt-you-can-pa-1762609817063_1762609817064.txt,6136
/attached_assets/Pasted-Here-is-your-single-copy-paste-Replit-AI-Agent-master-prompt-It-is-self-contained-defensive-and--1762781051105_1762781051106.txt,11968
/attached_assets/Pasted-Here-s-a-single-agent-ready-prompt-you-can-paste-into-Replit-s-AI-Agent-It-will-verify-auto-fix-a-1762718828513_1762718828513.txt,3879
/attached_assets/Pasted-Here-s-a-single-copy-paste-prompt-for-your-Replit-AI-Agent-It-cleans-Git-syncs-code-fixes-Vercel-1762810659710_1762810659711.txt,4915
/attached_assets/Pasted-Here-s-a-single-copy-paste-Replit-AI-Agent-prompt-that-will-fix-checkout-handle-both-env-var-namin-1762698589506_1762698589508.txt,4504
/attached_assets/Pasted-Here-s-a-single-paste-and-run-prompt-for-your-AI-agent-PHASE-6-5-Intelligence-Feedback-G-1762612027314_1762612027315.txt,9459
/attached_assets/Pasted-Here-s-the-complete-single-AI-Agent-prompt-for-Replit-fully-unified-executable-and-self-verifyi-1762638358130_1762638358131.txt,7592
/attached_assets/Pasted-Here-s-the-exact-Replit-AI-Agent-prompt-to-safely-finalize-and-push-your-40-production-files-for-Lev-1762640144787_1762640144789.txt,2068
/attached_assets/Pasted-Here-s-the-single-consolidated-Replit-AI-Agent-prompt-the-final-self-contained-production-safe-c-1762781993606_1762781993607.txt,5228
/attached_assets/Pasted-Here-s-the-straight-answer-and-the-fix-Harsh-audit-pricing-only-Gaps-vs-competitors-Zapier-Ma-1762779563755_1762779563756.txt,9491
/attached_assets/Pasted-import-NextResponse-from-next-server-import-Stripe-from-stripe-const-stripe-new-Stripe--1762784447211_1762784447213.txt,3375
/attached_assets/Pasted-Paste-this-as-a-single-message-to-your-Replit-AI-agent-It-is-idempotent-handles-git-locks-rebases--1762646439233_1762646439237.txt,7764
/attached_assets/Pasted-ROLE-You-are-the-Release-Captain-for-Levqor-Run-a-full-system-validation-that-proves-new-pages-are--1762878304566_1762878304567.txt,7354
/attached_assets/Pasted-Root-cause-the-API-route-is-still-crashing-at-module-load-That-means-some-top-level-code-executes--1762793304177_1762793304178.txt,6142
/attached_assets/Pasted-set-e-echo-0-Preconditions-test-n-STRIPE-SECRET-KEY-echo-Missing-STRIPE-SECRET--1762776172626_1762776172635.txt,5343
/attached_assets/Pasted-set-euo-pipefail-WHY-Needed-production-grade-UI-real-auth-protected-routes-Benefit--1762940132711_1762940132712.txt,12685
/attached_assets/Pasted-Starting-Phase-6-4-Intelligence-Revenue-Loop-now-What-you-ll-get-in-6-4-Adaptive-pricing-mode-1762610953243_1762610953244.txt,14240
/attached_assets/Pasted-Understood-Here-s-the-complete-unified-Replit-AI-Agent-prompt-that-includes-everything-Full-com-1762779669479_1762779669481.txt,7461
/attached_assets/Pasted-Understood-Here-s-the-complete-unified-Replit-AI-Agent-prompt-that-includes-everything-Full-com-1762780380240_1762780380242.txt,7461
/attached_assets/Pasted-Understood-Here-s-the-rest-in-one-go-PR-text-merge-steps-CSP-tweaks-and-a-strict-post-deploy-va-1762848193980_1762848193981.txt,5774
/attached_assets/Pasted-Understood-It-looks-unfinished-because-key-UX-blocks-are-missing-or-thin-Fix-it-in-one-pass-What-1762818012869_1762818012870.txt,5020
/attached_assets/Pasted-Understood-No-questions-Here-s-the-single-final-one-shot-AI-agent-prompt-that-fixes-the-exact-pro-1762651923718_1762651923723.txt,4307
/attached_assets/Pasted-You-are-in-repo-root-Do-not-ask-questions-Stop-on-error-with-STEP-FAILED-why-Goal-Upgrade-le-1762595607533_1762595607533.txt,2889
/attached_assets/Pasted-You-are-in-the-repo-root-Do-not-ask-questions-Fail-closed-with-STEP-FAILED-reason-Implement-L-1762596655897_1762596655898.txt,4029
/attached_assets/Pasted-You-are-in-the-repo-root-Do-not-ask-questions-Stop-on-any-error-with-STEP-FAILED-why-GOAL-P-1762593519540_1762593519541.txt,2295
/attached_assets/Pasted-You-are-operating-in-the-workspace-root-Do-not-ask-questions-Fail-closed-with-a-clear-STEP-FAILED--1762557281899_1762557281900.txt,2489
/attached_assets/Pasted-You-re-95-hardened-Do-these-final-deltas-and-call-it-production-grade-Final-hardening-deltas-1--1762374461866_1762374461867.txt,5053
/attached_assets/Pasted-You-re-95-hardened-Do-these-final-deltas-and-call-it-production-grade-Final-hardening-deltas-1--1762374470767_1762374470768.txt,5053
/attached_assets/Pasted-You-re-95-hardened-Do-these-final-deltas-and-call-it-production-grade-Final-hardening-deltas-1--1762374501926_1762374501927.txt,5053
/attached_assets/Pasted-You-re-correct-Fix-it-now-on-the-frontend-repo-levqor-site-Pick-the-path-that-matches-your-setup-1762894070178_1762894070179.txt,2713
/attached_assets/Pasted-You-re-live-but-the-UI-reads-scaffolded-Here-s-the-fastest-path-to-finished-in-one-PR-Finish-1762820489086_1762820489087.txt,12517
/attached_assets/Pasted-You-re-one-change-away-route-api-levqor-ai-to-the-Replit-autoscale-deployment-Do-this-exactly-1--1762898304464_1762898304465.txt,2207
/attached_assets/Pasted-You-re-pasting-JS-into-the-shell-Those-edits-must-go-into-files-Do-this-exactly-in-the-frontend-re-1762897340945_1762897340945.txt,2104
/attached_assets/Pasted-You-re-seeing-an-old-or-partial-build-The-live-domain-isn-t-serving-the-latest-commit-Do-this-now-1762817526035_1762817526042.txt,4070
/attached_assets/Pasted-You-re-still-seeing-old-content-because-the-apex-domain-isn-t-serving-the-latest-build-Fix-and-prov-1762894751771_1762894751771.txt,2061
/attached_assets/Pasted-You-want-a-single-pass-fail-audit-Run-this-exactly-It-verifies-frontend-backend-engine-CDN-job-1762897971511_1762897971512.txt,3590
/attached_assets/Pasted-You-want-a-single-pass-fail-audit-Run-this-exactly-It-verifies-frontend-backend-engine-CDN-job-1762898046022_1762898046022.txt,3590
/attached_assets/Screenshot_20251108_073231_Chrome_1762587291046.jpg,565469
/attached_assets/Screenshot_20251108_073253_Chrome_1762587291041.jpg,518788
/attached_assets/Screenshot_20251108_073307_Chrome_1762587291034.jpg,519580
/attached_assets/Screenshot_20251108_073338_Chrome_1762587291019.jpg,440446
/attached_assets/Screenshot_20251108_073420_Chrome_1762587290991.jpg,227875
/attached_assets/Screenshot_20251108_073420_Chrome_1762588189960.jpg,227875
/attached_assets/Screenshot_20251108_073420_Chrome_1762588847910.jpg,227875
/attached_assets/Screenshot_20251108_074827_Chrome_1762588189952.jpg,249585
/attached_assets/Screenshot_20251108_074827_Chrome_1762588847904.jpg,249585
/attached_assets/Screenshot_20251108_074836_Chrome_1762588189945.jpg,373955
/attached_assets/Screenshot_20251108_074836_Chrome_1762588847900.jpg,373955
/attached_assets/Screenshot_20251108_074901_Chrome_1762588189939.jpg,283448
/attached_assets/Screenshot_20251108_074901_Chrome_1762588847894.jpg,283448
/attached_assets/Screenshot_20251108_074915_Chrome_1762588189915.jpg,359188
/attached_assets/Screenshot_20251108_074915_Chrome_1762588847866.jpg,359188
/attached_assets/Screenshot_20251108_082538_Replit_1762590350728.jpg,851846
/attached_assets/Screenshot_20251108_141950_Replit_1762611688156.jpg,326344
/attached_assets/Screenshot_20251108_141950_Replit_1762613942526.jpg,326344
/attached_assets/Screenshot_20251108_152000_Replit_1762615364586.jpg,319596
/attached_assets/Screenshot_20251108_152000_Replit_1762615414306.jpg,319596
/attached_assets/Screenshot_20251108_152104_ChatGPT_1762615364578.jpg,402490
/attached_assets/Screenshot_20251108_152104_ChatGPT_1762615414289.jpg,402490
/attached_assets/Screenshot_20251108_152118_ChatGPT_1762615364520.jpg,568460
/attached_assets/Screenshot_20251108_152118_ChatGPT_1762615414282.jpg,568460
/attached_assets/Screenshot_20251108_152502_One UI Home_1762615527252.jpg,462942
/attached_assets/Screenshot_20251108_163552_Replit_1762619774212.jpg,411874
/attached_assets/Screenshot_20251108_194509_Replit_1762631137089.jpg,512384
/attached_assets/Screenshot_20251108_211849_Replit_1762636761742.jpg,489196
/attached_assets/Screenshot_20251108_212030_Replit_1762636864609.jpg,490327
/attached_assets/Screenshot_20251108_212030_Replit_1762636902847.jpg,490327
/attached_assets/Screenshot_20251109_000737_Replit_1762646875766.jpg,548248
/attached_assets/Screenshot_20251109_133941_Replit_1762695605811.jpg,656834
/attached_assets/Screenshot_20251110_170616_Gallery_1762794382839.jpg,318550
/attached_assets/Screenshot_20251110_170616_Gallery_1762794419452.jpg,318550
/attached_assets/Screenshot_20251110_192754_Chrome_1762802904215.jpg,529393
/attached_assets/Screenshot_20251110_200403_Chrome_1762805065053.jpg,483880
/attached_assets/Screenshot_20251111_005856_Chrome_1762822776012.jpg,269782
/attached_assets/Screenshot_20251111_011046_Chrome_1762823472596.jpg,370849
/attached_assets/Screenshot_20251111_081821_Chrome_1762849200953.jpg,740958
/attached_assets/Screenshot_20251111_081900_Chrome_1762849200936.jpg,594803
/attached_assets/Screenshot_20251112_095720_Replit_1762941461704.jpg,517767
/attached_assets/SEO_REPORT_1762588824676.md,490
/AUTH_IMPLEMENTATION_OPTIONS.md,3456
/AUTH_SETUP_COMPLETE.md,5764
/AUTOMATION-NOTION-SUMMARY.md,5430
/AUTOMATION-SETUP.md,5722
/BACKUP-RESTORE-PROCEDURE.md,6934
/BEGINNER_DEPLOYMENT_GUIDE.md,3709
/BURN-IN-COMMENCED.md,8601
/CACHE-PURGE-INSTRUCTIONS.md,1703
/checkout.session.completed,
/CLOUDFLARE-CONFIGURATION.md,7041
/CLOUDFLARE-MANUAL-TASKS.md,6992
/config/flags.json,183
/COPY_PASTE_VALUES.txt,2372
/COST_REPORTING_PLAN.md,3173
/customer.subscription.created,
/customer.subscription.deleted,
/customer.subscription.updated,
/DAY-1-DEPLOYMENT-CHECKLIST.md,2680
/DAY-1-VERIFICATION-REPORT.md,10730
/DAY-2-COMPLETION-SUMMARY.md,7573
/DAY-2-DEPLOYMENT-COMPLETE.md,4686
/DAY-2-FINAL-VERIFICATION.md,5469
/DAY-2-FREE-TIER-COMPLETION.md,8481
/DAY-2-MANUAL-TASKS.md,6679
/DAY-2-QUICK-ACTION-CARD.md,4007
/DAY-3-FREEZE-INSTRUCTIONS.md,5974
/DAY-3-PASS-CRITERIA.md,3140
/DEPLOY_CHECKOUT_FIX.sh,1011
/deploy_frontend_complete.sh,2031
/deploy_frontend_fixed.sh,992
/deploy_now.sh,515
/DEPLOY_NOW.txt,3102
/DEPLOY_PRICING_V2.1.md,6717
/DEPLOY_PRICING_V7.sh,952
/DEPLOY_PRICING.md,3396
/deploy-3-tier.sh,1220
/DEPLOY-NOW.md,3517
/deploy.sh,1500
/DEPLOY.sh,887
/DEPLOYMENT_INSTRUCTIONS.md,1973
/DEPLOYMENT_REPORT.md,4097
/DEPLOYMENT_RUNBOOK.md,5464
/DEPLOYMENT_STATUS.md,1669
/DEPLOYMENT_SUCCESS.md,2339
/DEPLOYMENT_SUMMARY.txt,5289
/DEPLOYMENT-v7.0.md,8254
/DEPLOYMENT-VERIFICATION-COMPLETE.md,4208
/DNS_TROUBLESHOOT.txt,2898
/EXPANSION-MONITORING-SUMMARY.md,7494
/EXPANSION-ROADMAP.md,12502
/FINAL_DEPLOYMENT_STEPS.txt,4308
/FINAL_SHIP_LOG.txt,15579
/FINAL_SHIP_SUMMARY.md,6800
/finalize-deployment.sh,1768
/fix-and-deploy.sh,3027
/FOUR-ACTIONS-COMPLETE.md,10811
/FRONTEND-DEPLOYMENT-STATUS.md,2882
/FRONTEND-STALE-BUILD-FIX.md,2072
/generated-icon.png,9118
/GENESIS-v8.0-READINESS.md,4784
/HOW_TO_DEPLOY.md,2360
/IMPLEMENTATION_SUMMARY.md,4086
/IMPLEMENTATION-SUMMARY.md,9998
/integrity_reports/finalizer_report_1762866750.json,2724
/integrity_reports/integrity_evidence_1762866750.pdf,6578
/integrity_reports/integrity_report_1762866750.json,2515
/INTEGRITY-PACK-GUIDE.md,10779
/INTELLIGENCE-LOGGING-ENHANCED.md,8362
/LAUNCH_INSTRUCTIONS.md,3570
/Levqor-backend/.env.example,532
/Levqor-backend/.env.genesis,452
/Levqor-backend/.env.staging,550
/Levqor-backend/.redeploy,32
/Levqor-backend/.replit,1241
/Levqor-backend/.vercelignore,224
/Levqor-backend/{"workflow":"test","payload":{}},488
/Levqor-backend/ðŸš€-DEPLOY-v7.0-NOW.txt,5424
/Levqor-backend/2FA-ENABLEMENT-GUIDE.md,6907
/Levqor-backend/ACCESS-REVIEW-CHECKLIST.md,8929
/Levqor-backend/ADD_TO_VERCEL.md,1926
/Levqor-backend/add_vercel_secrets.sh,3204
/Levqor-backend/API_KEY_ROTATION.md,1953
/Levqor-backend/attached_assets/Pasted--0-Repo-hygiene-git-add-A-true-git-reset-hard-git-pull-rebase-echo-WARN-no-remote--1762637555658_1762637555659.txt,8125
/Levqor-backend/attached_assets/Pasted--0-REQUIREMENTS-You-must-have-thes-1762692210656_1762692210657.txt,4863
/Levqor-backend/attached_assets/Pasted--0-SCOPE-GUARANTEES-AND-GUARDRAILS--1762871057906_1762871057907.txt,10148
/Levqor-backend/attached_assets/Pasted--1-INTEGRITY-FINALIZER-PACK-2-week-deliverable-Why-Enterprise-grade-trust-layer-immediate--1762866368893_1762866368893.txt,3275
/Levqor-backend/attached_assets/Pasted--ADD-AUTH-NEXTAUTH-RESEND-MAGIC-LINK-set-euo-pipefail-FRONT-levqor-site-cd-FRONT--1762554757360_1762554757360.txt,3722
/Levqor-backend/attached_assets/Pasted--COMMAND-EXECUTION-PLAN-INTELLIGENCE-STATUS-LOGGING-ERROR-DETAILS-WHY-Surface-root-c-1762877629322_1762877629323.txt,6970
/Levqor-backend/attached_assets/Pasted--FIX-DEPLOY-PRICING-PAGE-Goal-Add-Starter-19-and-Pro-49-plans-connect-both-to-S-1762680437536_1762680437537.txt,3682
/Levqor-backend/attached_assets/Pasted--GENESIS-v8-0-SECURITY-BURN-IN-MASTER-PROMPT-Day-1-7-Inputs-export-DOMAIN-levqor-a-1762880269207_1762880269207.txt,4883
/Levqor-backend/attached_assets/Pasted--GENESIS-v8-0-SECURITY-BURN-IN-MASTER-PROMPT-Day-1-7-Inputs-export-DOMAIN-levqor-a-1762880336910_1762880336911.txt,4883
/Levqor-backend/attached_assets/Pasted--Levqor-48-Hour-Sprint-Premium-UX-Live-Pricing-Trust-Setup-rm-f-git-index-lock-true-git-r-1762653417192_1762653417192.txt,2919
/Levqor-backend/attached_assets/Pasted--LEVQOR-AUTH-DASHBOARD-NEXTAUTH-RESEND-set-euo-pipefail-say-printf-n-033-1m-s-0-1762555396060_1762555396061.txt,6144
/Levqor-backend/attached_assets/Pasted--LEVQOR-BACKEND-BEGINNER-DEPLOYMENT-GUIDE-ONE-PROMPT-VERSION-STEP-1-DEPLOY-BACKEND-1762377030592_1762377030594.txt,3092
/Levqor-backend/attached_assets/Pasted--LEVQOR-DATA-INSIGHTS-REPORTS-v6-0-Phase-2-Goal-1762869752382_1762869752383.txt,8748
/Levqor-backend/attached_assets/Pasted--LEVQOR-DEVELOPER-PORTAL-FRONTEND-STRIPE-SETUP-Sc-1762868930825_1762868930826.txt,12448
/Levqor-backend/attached_assets/Pasted--levqor-fix-all-sh-final-end-to-end-fixer-for-Git-Vercel-Checkout-Safe-to-re-run-No-jq-Ex-1762789526337_1762789526338.txt,5036
/Levqor-backend/attached_assets/Pasted--LEVQOR-LIVE-TRIAGE-FIX-set-euo-pipefail-say-printf-n-033-1m-s-033-0m-n-1-o-1762553586620_1762553586622.txt,4707
/Levqor-backend/attached_assets/Pasted--LEVQOR-LIVE-VERIFY-REPAIR-set-euo-pipefail-say-printf-n-033-1m-s-033-0m-n-1--1762554370251_1762554370254.txt,3318
/Levqor-backend/attached_assets/Pasted--LEVQOR-v6-2-COMMAND-EX-1762608764121_1762608764122.txt,7607
/Levqor-backend/attached_assets/Pasted--LEVQOR-v7-0-INTELLIGENCE-EVOLUTION-LAYER--1762871520320_1762871520321.txt,8744
/Levqor-backend/attached_assets/Pasted--LEVQOR-v8-0-GENESIS-WEEK-0-1-INIT-Goal-create-1762874279004_1762874279006.txt,7264
/Levqor-backend/attached_assets/Pasted--OBJECTIVE-Apply-final-hardening-to-Levqor-backend-and-verify-1-Patch-run-py-with-HSTS--1762375390320_1762375390321.txt,2957
/Levqor-backend/attached_assets/Pasted--PHASE-3-PARTNER-API-REGISTRY--1762870262558_1762870262559.txt,7656
/Levqor-backend/attached_assets/Pasted--PHASE-A-PARTNER-ECOSYSTEM-PLUGIN-PART-1762866835822_1762866835823.txt,5348
/Levqor-backend/attached_assets/Pasted--PRICING-v2-1-Monthly-Yearly-Coupons-Blurb-VAT-note-Outcome-pricing-has-Mo-1762681475745_1762681475746.txt,8176
/Levqor-backend/attached_assets/Pasted--PRICING-v2-Monthly-Yearly-Coupons-Outcome-pricing-shows-Monthly-Yearly-toggle-1762681346644_1762681346645.txt,6489
/Levqor-backend/attached_assets/Pasted--STEP-1-PARTNER-API-MARKETPLACE-v6-0A--1762867510155_1762867510162.txt,5676
/Levqor-backend/attached_assets/Pasted--STEP-1-VALIDATE-REDEPLOY-SUCCESS-WHY-Ensures-production-integrity-before-expansion-begins--1762865079423_1762865079424.txt,4584
/Levqor-backend/attached_assets/Pasted-A-Developer-Portal-first-Fastest-unlock-foundational-for-partners-and-enterprise-COMMAND-1762868210131_1762868210132.txt,3386
/Levqor-backend/attached_assets/Pasted-cat-tmp-finish-sh-EOF-set-e-cd-workspace-levqor-site-1-Backup-mkdir-p-backups-cp-n-n-1762822267077_1762822267078.txt,2452
/Levqor-backend/attached_assets/Pasted-COMMAND-EXECUTION-PLAN-LEVQOR-v8-0-GENESIS-TRANSITION-CHECKLIST-CUTOVER-SCRIPT-Purpose-conver-1762871934074_1762871934075.txt,4935
/Levqor-backend/attached_assets/Pasted-Confirmed-Four-actions-complete-Now-close-the-endpoint-import-issue-verify-end-to-end-and-start--1762877019295_1762877019296.txt,5030
/Levqor-backend/attached_assets/Pasted-Correct-approach-keep-everything-100-production-grade-on-zero-extra-cost-Here-s-your-next-stage--1762891823954_1762891823955.txt,2378
/Levqor-backend/attached_assets/Pasted-FOCUS-Repair-Stripe-checkout-clean-redeploy-and-verify-You-are-operating-in-the-repo-that-contai-1762729261125_1762729261127.txt,6759
/Levqor-backend/attached_assets/Pasted-Focus-this-is-an-env-mapping-issue-not-Stripe-Your-API-is-running-but-can-t-see-the-price-IDs-at--1762784112203_1762784112204.txt,5974
/Levqor-backend/attached_assets/Pasted-Goal-Make-v6-5-admin-APIs-reachable-from-the-public-domain-and-verify-end-to-end-1-Add-a-public--1762639724151_1762639724151.txt,2368
/Levqor-backend/attached_assets/Pasted-Good-We-execute-a-clean-deterministic-fix-0-Inputs-you-must-have-ready-Live-Stripe-secret-sk--1762791564541_1762791564542.txt,6961
/Levqor-backend/attached_assets/Pasted-Good-We-execute-a-clean-deterministic-fix-0-Inputs-you-must-have-ready-Live-Stripe-secret-sk--1762791594948_1762791594948.txt,6961
/Levqor-backend/attached_assets/Pasted-Here-is-the-v6-3-Autonomy-Scaling-Command-Execution-Plan-and-a-single-AI-agent-prompt-you-can-pa-1762609817063_1762609817064.txt,6136
/Levqor-backend/attached_assets/Pasted-Here-is-your-single-copy-paste-Replit-AI-Agent-master-prompt-It-is-self-contained-defensive-and--1762781051105_1762781051106.txt,11968
/Levqor-backend/attached_assets/Pasted-Here-s-a-single-agent-ready-prompt-you-can-paste-into-Replit-s-AI-Agent-It-will-verify-auto-fix-a-1762718828513_1762718828513.txt,3879
/Levqor-backend/attached_assets/Pasted-Here-s-a-single-copy-paste-prompt-for-your-Replit-AI-Agent-It-cleans-Git-syncs-code-fixes-Vercel-1762810659710_1762810659711.txt,4915
/Levqor-backend/attached_assets/Pasted-Here-s-a-single-copy-paste-Replit-AI-Agent-prompt-that-will-fix-checkout-handle-both-env-var-namin-1762698589506_1762698589508.txt,4504
/Levqor-backend/attached_assets/Pasted-Here-s-a-single-paste-and-run-prompt-for-your-AI-agent-PHASE-6-5-Intelligence-Feedback-G-1762612027314_1762612027315.txt,9459
/Levqor-backend/attached_assets/Pasted-Here-s-the-complete-single-AI-Agent-prompt-for-Replit-fully-unified-executable-and-self-verifyi-1762638358130_1762638358131.txt,7592
/Levqor-backend/attached_assets/Pasted-Here-s-the-exact-Replit-AI-Agent-prompt-to-safely-finalize-and-push-your-40-production-files-for-Lev-1762640144787_1762640144789.txt,2068
/Levqor-backend/attached_assets/Pasted-Here-s-the-single-consolidated-Replit-AI-Agent-prompt-the-final-self-contained-production-safe-c-1762781993606_1762781993607.txt,5228
/Levqor-backend/attached_assets/Pasted-Here-s-the-straight-answer-and-the-fix-Harsh-audit-pricing-only-Gaps-vs-competitors-Zapier-Ma-1762779563755_1762779563756.txt,9491
/Levqor-backend/attached_assets/Pasted-import-NextResponse-from-next-server-import-Stripe-from-stripe-const-stripe-new-Stripe--1762784447211_1762784447213.txt,3375
/Levqor-backend/attached_assets/Pasted-Paste-this-as-a-single-message-to-your-Replit-AI-agent-It-is-idempotent-handles-git-locks-rebases--1762646439233_1762646439237.txt,7764
/Levqor-backend/attached_assets/Pasted-ROLE-You-are-the-Release-Captain-for-Levqor-Run-a-full-system-validation-that-proves-new-pages-are--1762878304566_1762878304567.txt,7354
/Levqor-backend/attached_assets/Pasted-Root-cause-the-API-route-is-still-crashing-at-module-load-That-means-some-top-level-code-executes--1762793304177_1762793304178.txt,6142
/Levqor-backend/attached_assets/Pasted-set-e-echo-0-Preconditions-test-n-STRIPE-SECRET-KEY-echo-Missing-STRIPE-SECRET--1762776172626_1762776172635.txt,5343
/Levqor-backend/attached_assets/Pasted-Starting-Phase-6-4-Intelligence-Revenue-Loop-now-What-you-ll-get-in-6-4-Adaptive-pricing-mode-1762610953243_1762610953244.txt,14240
/Levqor-backend/attached_assets/Pasted-Understood-Here-s-the-complete-unified-Replit-AI-Agent-prompt-that-includes-everything-Full-com-1762779669479_1762779669481.txt,7461
/Levqor-backend/attached_assets/Pasted-Understood-Here-s-the-complete-unified-Replit-AI-Agent-prompt-that-includes-everything-Full-com-1762780380240_1762780380242.txt,7461
/Levqor-backend/attached_assets/Pasted-Understood-Here-s-the-rest-in-one-go-PR-text-merge-steps-CSP-tweaks-and-a-strict-post-deploy-va-1762848193980_1762848193981.txt,5774
/Levqor-backend/attached_assets/Pasted-Understood-It-looks-unfinished-because-key-UX-blocks-are-missing-or-thin-Fix-it-in-one-pass-What-1762818012869_1762818012870.txt,5020
/Levqor-backend/attached_assets/Pasted-Understood-No-questions-Here-s-the-single-final-one-shot-AI-agent-prompt-that-fixes-the-exact-pro-1762651923718_1762651923723.txt,4307
/Levqor-backend/attached_assets/Pasted-You-are-in-repo-root-Do-not-ask-questions-Stop-on-error-with-STEP-FAILED-why-Goal-Upgrade-le-1762595607533_1762595607533.txt,2889
/Levqor-backend/attached_assets/Pasted-You-are-in-the-repo-root-Do-not-ask-questions-Fail-closed-with-STEP-FAILED-reason-Implement-L-1762596655897_1762596655898.txt,4029
/Levqor-backend/attached_assets/Pasted-You-are-in-the-repo-root-Do-not-ask-questions-Stop-on-any-error-with-STEP-FAILED-why-GOAL-P-1762593519540_1762593519541.txt,2295
/Levqor-backend/attached_assets/Pasted-You-are-operating-in-the-workspace-root-Do-not-ask-questions-Fail-closed-with-a-clear-STEP-FAILED--1762557281899_1762557281900.txt,2489
/Levqor-backend/attached_assets/Pasted-You-re-95-hardened-Do-these-final-deltas-and-call-it-production-grade-Final-hardening-deltas-1--1762374461866_1762374461867.txt,5053
/Levqor-backend/attached_assets/Pasted-You-re-95-hardened-Do-these-final-deltas-and-call-it-production-grade-Final-hardening-deltas-1--1762374470767_1762374470768.txt,5053
/Levqor-backend/attached_assets/Pasted-You-re-95-hardened-Do-these-final-deltas-and-call-it-production-grade-Final-hardening-deltas-1--1762374501926_1762374501927.txt,5053
/Levqor-backend/attached_assets/Pasted-You-re-correct-Fix-it-now-on-the-frontend-repo-levqor-site-Pick-the-path-that-matches-your-setup-1762894070178_1762894070179.txt,2713
/Levqor-backend/attached_assets/Pasted-You-re-live-but-the-UI-reads-scaffolded-Here-s-the-fastest-path-to-finished-in-one-PR-Finish-1762820489086_1762820489087.txt,12517
/Levqor-backend/attached_assets/Pasted-You-re-one-change-away-route-api-levqor-ai-to-the-Replit-autoscale-deployment-Do-this-exactly-1--1762898304464_1762898304465.txt,2207
/Levqor-backend/attached_assets/Pasted-You-re-pasting-JS-into-the-shell-Those-edits-must-go-into-files-Do-this-exactly-in-the-frontend-re-1762897340945_1762897340945.txt,2104
/Levqor-backend/attached_assets/Pasted-You-re-seeing-an-old-or-partial-build-The-live-domain-isn-t-serving-the-latest-commit-Do-this-now-1762817526035_1762817526042.txt,4070
/Levqor-backend/attached_assets/Pasted-You-re-still-seeing-old-content-because-the-apex-domain-isn-t-serving-the-latest-build-Fix-and-prov-1762894751771_1762894751771.txt,2061
/Levqor-backend/attached_assets/Pasted-You-want-a-single-pass-fail-audit-Run-this-exactly-It-verifies-frontend-backend-engine-CDN-job-1762897971511_1762897971512.txt,3590
/Levqor-backend/attached_assets/Pasted-You-want-a-single-pass-fail-audit-Run-this-exactly-It-verifies-frontend-backend-engine-CDN-job-1762898046022_1762898046022.txt,3590
/Levqor-backend/attached_assets/Screenshot_20251108_073231_Chrome_1762587291046.jpg,565469
/Levqor-backend/attached_assets/Screenshot_20251108_073253_Chrome_1762587291041.jpg,518788
/Levqor-backend/attached_assets/Screenshot_20251108_073307_Chrome_1762587291034.jpg,519580
/Levqor-backend/attached_assets/Screenshot_20251108_073338_Chrome_1762587291019.jpg,440446
/Levqor-backend/attached_assets/Screenshot_20251108_073420_Chrome_1762587290991.jpg,227875
/Levqor-backend/attached_assets/Screenshot_20251108_073420_Chrome_1762588189960.jpg,227875
/Levqor-backend/attached_assets/Screenshot_20251108_073420_Chrome_1762588847910.jpg,227875
/Levqor-backend/attached_assets/Screenshot_20251108_074827_Chrome_1762588189952.jpg,249585
/Levqor-backend/attached_assets/Screenshot_20251108_074827_Chrome_1762588847904.jpg,249585
/Levqor-backend/attached_assets/Screenshot_20251108_074836_Chrome_1762588189945.jpg,373955
/Levqor-backend/attached_assets/Screenshot_20251108_074836_Chrome_1762588847900.jpg,373955
/Levqor-backend/attached_assets/Screenshot_20251108_074901_Chrome_1762588189939.jpg,283448
/Levqor-backend/attached_assets/Screenshot_20251108_074901_Chrome_1762588847894.jpg,283448
/Levqor-backend/attached_assets/Screenshot_20251108_074915_Chrome_1762588189915.jpg,359188
/Levqor-backend/attached_assets/Screenshot_20251108_074915_Chrome_1762588847866.jpg,359188
/Levqor-backend/attached_assets/Screenshot_20251108_082538_Replit_1762590350728.jpg,851846
/Levqor-backend/attached_assets/Screenshot_20251108_141950_Replit_1762611688156.jpg,326344
/Levqor-backend/attached_assets/Screenshot_20251108_141950_Replit_1762613942526.jpg,326344
/Levqor-backend/attached_assets/Screenshot_20251108_152000_Replit_1762615364586.jpg,319596
/Levqor-backend/attached_assets/Screenshot_20251108_152000_Replit_1762615414306.jpg,319596
/Levqor-backend/attached_assets/Screenshot_20251108_152104_ChatGPT_1762615364578.jpg,402490
/Levqor-backend/attached_assets/Screenshot_20251108_152104_ChatGPT_1762615414289.jpg,402490
/Levqor-backend/attached_assets/Screenshot_20251108_152118_ChatGPT_1762615364520.jpg,568460
/Levqor-backend/attached_assets/Screenshot_20251108_152118_ChatGPT_1762615414282.jpg,568460
/Levqor-backend/attached_assets/Screenshot_20251108_152502_One UI Home_1762615527252.jpg,462942
/Levqor-backend/attached_assets/Screenshot_20251108_163552_Replit_1762619774212.jpg,411874
/Levqor-backend/attached_assets/Screenshot_20251108_194509_Replit_1762631137089.jpg,512384
/Levqor-backend/attached_assets/Screenshot_20251108_211849_Replit_1762636761742.jpg,489196
/Levqor-backend/attached_assets/Screenshot_20251108_212030_Replit_1762636864609.jpg,490327
/Levqor-backend/attached_assets/Screenshot_20251108_212030_Replit_1762636902847.jpg,490327
/Levqor-backend/attached_assets/Screenshot_20251109_000737_Replit_1762646875766.jpg,548248
/Levqor-backend/attached_assets/Screenshot_20251109_133941_Replit_1762695605811.jpg,656834
/Levqor-backend/attached_assets/Screenshot_20251110_170616_Gallery_1762794382839.jpg,318550
/Levqor-backend/attached_assets/Screenshot_20251110_170616_Gallery_1762794419452.jpg,318550
/Levqor-backend/attached_assets/Screenshot_20251110_192754_Chrome_1762802904215.jpg,529393
/Levqor-backend/attached_assets/Screenshot_20251110_200403_Chrome_1762805065053.jpg,483880
/Levqor-backend/attached_assets/Screenshot_20251111_005856_Chrome_1762822776012.jpg,269782
/Levqor-backend/attached_assets/Screenshot_20251111_011046_Chrome_1762823472596.jpg,370849
/Levqor-backend/attached_assets/Screenshot_20251111_081821_Chrome_1762849200953.jpg,740958
/Levqor-backend/attached_assets/Screenshot_20251111_081900_Chrome_1762849200936.jpg,594803
/Levqor-backend/attached_assets/SEO_REPORT_1762588824676.md,490
/Levqor-backend/AUTH_IMPLEMENTATION_OPTIONS.md,3456
/Levqor-backend/AUTH_SETUP_COMPLETE.md,5764
/Levqor-backend/AUTOMATION-NOTION-SUMMARY.md,5430
/Levqor-backend/AUTOMATION-SETUP.md,5722
/Levqor-backend/BACKUP-RESTORE-PROCEDURE.md,6934
/Levqor-backend/BEGINNER_DEPLOYMENT_GUIDE.md,3709
/Levqor-backend/BURN-IN-COMMENCED.md,8601
/Levqor-backend/CACHE-PURGE-INSTRUCTIONS.md,1703
/Levqor-backend/checkout.session.completed,
/Levqor-backend/CLOUDFLARE-CONFIGURATION.md,7041
/Levqor-backend/CLOUDFLARE-MANUAL-TASKS.md,6992
/Levqor-backend/config/flags.json,183
/Levqor-backend/COPY_PASTE_VALUES.txt,2372
/Levqor-backend/COST_REPORTING_PLAN.md,3173
/Levqor-backend/customer.subscription.created,
/Levqor-backend/customer.subscription.deleted,
/Levqor-backend/customer.subscription.updated,
/Levqor-backend/DAY-1-DEPLOYMENT-CHECKLIST.md,2680
/Levqor-backend/DAY-1-VERIFICATION-REPORT.md,10730
/Levqor-backend/DAY-2-COMPLETION-SUMMARY.md,7573
/Levqor-backend/DAY-2-DEPLOYMENT-COMPLETE.md,4686
/Levqor-backend/DAY-2-FINAL-VERIFICATION.md,5469
/Levqor-backend/DAY-2-FREE-TIER-COMPLETION.md,8481
/Levqor-backend/DAY-2-MANUAL-TASKS.md,6679
/Levqor-backend/DAY-2-QUICK-ACTION-CARD.md,4007
/Levqor-backend/DAY-3-FREEZE-INSTRUCTIONS.md,5974
/Levqor-backend/DAY-3-PASS-CRITERIA.md,3140
/Levqor-backend/DEPLOY_CHECKOUT_FIX.sh,1011
/Levqor-backend/deploy_frontend_complete.sh,2031
/Levqor-backend/deploy_frontend_fixed.sh,992
/Levqor-backend/deploy_now.sh,515
/Levqor-backend/DEPLOY_NOW.txt,3102
/Levqor-backend/DEPLOY_PRICING_V2.1.md,6717
/Levqor-backend/DEPLOY_PRICING_V7.sh,952
/Levqor-backend/DEPLOY_PRICING.md,3396
/Levqor-backend/deploy-3-tier.sh,1220
/Levqor-backend/DEPLOY-NOW.md,3517
/Levqor-backend/deploy.sh,1500
/Levqor-backend/DEPLOY.sh,887
/Levqor-backend/DEPLOYMENT_INSTRUCTIONS.md,1973
/Levqor-backend/DEPLOYMENT_REPORT.md,4097
/Levqor-backend/DEPLOYMENT_RUNBOOK.md,5464
/Levqor-backend/DEPLOYMENT_STATUS.md,1669
/Levqor-backend/DEPLOYMENT_SUCCESS.md,2339
/Levqor-backend/DEPLOYMENT_SUMMARY.txt,5289
/Levqor-backend/DEPLOYMENT-v7.0.md,8254
/Levqor-backend/DEPLOYMENT-VERIFICATION-COMPLETE.md,4208
/Levqor-backend/DNS_TROUBLESHOOT.txt,2898
/Levqor-backend/EXPANSION-MONITORING-SUMMARY.md,7494
/Levqor-backend/EXPANSION-ROADMAP.md,12502
/Levqor-backend/FINAL_DEPLOYMENT_STEPS.txt,4308
/Levqor-backend/FINAL_SHIP_LOG.txt,15579
/Levqor-backend/FINAL_SHIP_SUMMARY.md,6800
/Levqor-backend/finalize-deployment.sh,1768
/Levqor-backend/fix-and-deploy.sh,3027
/Levqor-backend/FOUR-ACTIONS-COMPLETE.md,10811
/Levqor-backend/FRONTEND-DEPLOYMENT-STATUS.md,2882
/Levqor-backend/FRONTEND-STALE-BUILD-FIX.md,2072
/Levqor-backend/generated-icon.png,9118
/Levqor-backend/GENESIS-v8.0-READINESS.md,4784
/Levqor-backend/HOW_TO_DEPLOY.md,2360
/Levqor-backend/IMPLEMENTATION_SUMMARY.md,4086
/Levqor-backend/IMPLEMENTATION-SUMMARY.md,9998
/Levqor-backend/integrity_reports/finalizer_report_1762866750.json,2724
/Levqor-backend/integrity_reports/integrity_evidence_1762866750.pdf,6578
/Levqor-backend/integrity_reports/integrity_report_1762866750.json,2515
/Levqor-backend/INTEGRITY-PACK-GUIDE.md,10779
/Levqor-backend/INTELLIGENCE-LOGGING-ENHANCED.md,8362
/Levqor-backend/LAUNCH_INSTRUCTIONS.md,3570
/Levqor-backend/levqor-day2/.env.example,532
/Levqor-backend/levqor-day2/.env.genesis,452
/Levqor-backend/levqor-day2/.env.staging,550
/Levqor-backend/levqor-day2/.redeploy,32
/Levqor-backend/levqor-day2/.replit,1241
/Levqor-backend/levqor-day2/.vercelignore,224
/Levqor-backend/levqor-day2/{"workflow":"test","payload":{}},488
/Levqor-backend/levqor-day2/ðŸš€-DEPLOY-v7.0-NOW.txt,5424
/Levqor-backend/levqor-day2/2FA-ENABLEMENT-GUIDE.md,6907
/Levqor-backend/levqor-day2/ACCESS-REVIEW-CHECKLIST.md,8929
/Levqor-backend/levqor-day2/ADD_TO_VERCEL.md,1926
/Levqor-backend/levqor-day2/add_vercel_secrets.sh,3204
/Levqor-backend/levqor-day2/API_KEY_ROTATION.md,1953
/Levqor-backend/levqor-day2/attached_assets/Pasted--0-Repo-hygiene-git-add-A-true-git-reset-hard-git-pull-rebase-echo-WARN-no-remote--1762637555658_1762637555659.txt,8125
/Levqor-backend/levqor-day2/attached_assets/Pasted--0-REQUIREMENTS-You-must-have-thes-1762692210656_1762692210657.txt,4863
/Levqor-backend/levqor-day2/attached_assets/Pasted--0-SCOPE-GUARANTEES-AND-GUARDRAILS--1762871057906_1762871057907.txt,10148
/Levqor-backend/levqor-day2/attached_assets/Pasted--1-INTEGRITY-FINALIZER-PACK-2-week-deliverable-Why-Enterprise-grade-trust-layer-immediate--1762866368893_1762866368893.txt,3275
/Levqor-backend/levqor-day2/attached_assets/Pasted--ADD-AUTH-NEXTAUTH-RESEND-MAGIC-LINK-set-euo-pipefail-FRONT-levqor-site-cd-FRONT--1762554757360_1762554757360.txt,3722
/Levqor-backend/levqor-day2/attached_assets/Pasted--COMMAND-EXECUTION-PLAN-INTELLIGENCE-STATUS-LOGGING-ERROR-DETAILS-WHY-Surface-root-c-1762877629322_1762877629323.txt,6970
/Levqor-backend/levqor-day2/attached_assets/Pasted--FIX-DEPLOY-PRICING-PAGE-Goal-Add-Starter-19-and-Pro-49-plans-connect-both-to-S-1762680437536_1762680437537.txt,3682
/Levqor-backend/levqor-day2/attached_assets/Pasted--GENESIS-v8-0-SECURITY-BURN-IN-MASTER-PROMPT-Day-1-7-Inputs-export-DOMAIN-levqor-a-1762880269207_1762880269207.txt,4883
/Levqor-backend/levqor-day2/attached_assets/Pasted--GENESIS-v8-0-SECURITY-BURN-IN-MASTER-PROMPT-Day-1-7-Inputs-export-DOMAIN-levqor-a-1762880336910_1762880336911.txt,4883
/Levqor-backend/levqor-day2/attached_assets/Pasted--Levqor-48-Hour-Sprint-Premium-UX-Live-Pricing-Trust-Setup-rm-f-git-index-lock-true-git-r-1762653417192_1762653417192.txt,2919
/Levqor-backend/levqor-day2/attached_assets/Pasted--LEVQOR-AUTH-DASHBOARD-NEXTAUTH-RESEND-set-euo-pipefail-say-printf-n-033-1m-s-0-1762555396060_1762555396061.txt,6144
/Levqor-backend/levqor-day2/attached_assets/Pasted--LEVQOR-BACKEND-BEGINNER-DEPLOYMENT-GUIDE-ONE-PROMPT-VERSION-STEP-1-DEPLOY-BACKEND-1762377030592_1762377030594.txt,3092
/Levqor-backend/levqor-day2/attached_assets/Pasted--LEVQOR-DATA-INSIGHTS-REPORTS-v6-0-Phase-2-Goal-1762869752382_1762869752383.txt,8748
/Levqor-backend/levqor-day2/attached_assets/Pasted--LEVQOR-DEVELOPER-PORTAL-FRONTEND-STRIPE-SETUP-Sc-1762868930825_1762868930826.txt,12448
/Levqor-backend/levqor-day2/attached_assets/Pasted--levqor-fix-all-sh-final-end-to-end-fixer-for-Git-Vercel-Checkout-Safe-to-re-run-No-jq-Ex-1762789526337_1762789526338.txt,5036
/Levqor-backend/levqor-day2/attached_assets/Pasted--LEVQOR-LIVE-TRIAGE-FIX-set-euo-pipefail-say-printf-n-033-1m-s-033-0m-n-1-o-1762553586620_1762553586622.txt,4707
/Levqor-backend/levqor-day2/attached_assets/Pasted--LEVQOR-LIVE-VERIFY-REPAIR-set-euo-pipefail-say-printf-n-033-1m-s-033-0m-n-1--1762554370251_1762554370254.txt,3318
/Levqor-backend/levqor-day2/attached_assets/Pasted--LEVQOR-v6-2-COMMAND-EX-1762608764121_1762608764122.txt,7607
/Levqor-backend/levqor-day2/attached_assets/Pasted--LEVQOR-v7-0-INTELLIGENCE-EVOLUTION-LAYER--1762871520320_1762871520321.txt,8744
/Levqor-backend/levqor-day2/attached_assets/Pasted--LEVQOR-v8-0-GENESIS-WEEK-0-1-INIT-Goal-create-1762874279004_1762874279006.txt,7264
/Levqor-backend/levqor-day2/attached_assets/Pasted--OBJECTIVE-Apply-final-hardening-to-Levqor-backend-and-verify-1-Patch-run-py-with-HSTS--1762375390320_1762375390321.txt,2957
/Levqor-backend/levqor-day2/attached_assets/Pasted--PHASE-3-PARTNER-API-REGISTRY--1762870262558_1762870262559.txt,7656
/Levqor-backend/levqor-day2/attached_assets/Pasted--PHASE-A-PARTNER-ECOSYSTEM-PLUGIN-PART-1762866835822_1762866835823.txt,5348
/Levqor-backend/levqor-day2/attached_assets/Pasted--PRICING-v2-1-Monthly-Yearly-Coupons-Blurb-VAT-note-Outcome-pricing-has-Mo-1762681475745_1762681475746.txt,8176
/Levqor-backend/levqor-day2/attached_assets/Pasted--PRICING-v2-Monthly-Yearly-Coupons-Outcome-pricing-shows-Monthly-Yearly-toggle-1762681346644_1762681346645.txt,6489
/Levqor-backend/levqor-day2/attached_assets/Pasted--STEP-1-PARTNER-API-MARKETPLACE-v6-0A--1762867510155_1762867510162.txt,5676
/Levqor-backend/levqor-day2/attached_assets/Pasted--STEP-1-VALIDATE-REDEPLOY-SUCCESS-WHY-Ensures-production-integrity-before-expansion-begins--1762865079423_1762865079424.txt,4584
/Levqor-backend/levqor-day2/attached_assets/Pasted-A-Developer-Portal-first-Fastest-unlock-foundational-for-partners-and-enterprise-COMMAND-1762868210131_1762868210132.txt,3386
/Levqor-backend/levqor-day2/attached_assets/Pasted-cat-tmp-finish-sh-EOF-set-e-cd-workspace-levqor-site-1-Backup-mkdir-p-backups-cp-n-n-1762822267077_1762822267078.txt,2452
/Levqor-backend/levqor-day2/attached_assets/Pasted-COMMAND-EXECUTION-PLAN-LEVQOR-v8-0-GENESIS-TRANSITION-CHECKLIST-CUTOVER-SCRIPT-Purpose-conver-1762871934074_1762871934075.txt,4935
/Levqor-backend/levqor-day2/attached_assets/Pasted-Confirmed-Four-actions-complete-Now-close-the-endpoint-import-issue-verify-end-to-end-and-start--1762877019295_1762877019296.txt,5030
/Levqor-backend/levqor-day2/attached_assets/Pasted-Correct-approach-keep-everything-100-production-grade-on-zero-extra-cost-Here-s-your-next-stage--1762891823954_1762891823955.txt,2378
/Levqor-backend/levqor-day2/attached_assets/Pasted-FOCUS-Repair-Stripe-checkout-clean-redeploy-and-verify-You-are-operating-in-the-repo-that-contai-1762729261125_1762729261127.txt,6759
/Levqor-backend/levqor-day2/attached_assets/Pasted-Focus-this-is-an-env-mapping-issue-not-Stripe-Your-API-is-running-but-can-t-see-the-price-IDs-at--1762784112203_1762784112204.txt,5974
/Levqor-backend/levqor-day2/attached_assets/Pasted-Goal-Make-v6-5-admin-APIs-reachable-from-the-public-domain-and-verify-end-to-end-1-Add-a-public--1762639724151_1762639724151.txt,2368
/Levqor-backend/levqor-day2/attached_assets/Pasted-Good-We-execute-a-clean-deterministic-fix-0-Inputs-you-must-have-ready-Live-Stripe-secret-sk--1762791564541_1762791564542.txt,6961
/Levqor-backend/levqor-day2/attached_assets/Pasted-Good-We-execute-a-clean-deterministic-fix-0-Inputs-you-must-have-ready-Live-Stripe-secret-sk--1762791594948_1762791594948.txt,6961
/Levqor-backend/levqor-day2/attached_assets/Pasted-Here-is-the-v6-3-Autonomy-Scaling-Command-Execution-Plan-and-a-single-AI-agent-prompt-you-can-pa-1762609817063_1762609817064.txt,6136
/Levqor-backend/levqor-day2/attached_assets/Pasted-Here-is-your-single-copy-paste-Replit-AI-Agent-master-prompt-It-is-self-contained-defensive-and--1762781051105_1762781051106.txt,11968
/Levqor-backend/levqor-day2/attached_assets/Pasted-Here-s-a-single-agent-ready-prompt-you-can-paste-into-Replit-s-AI-Agent-It-will-verify-auto-fix-a-1762718828513_1762718828513.txt,3879
/Levqor-backend/levqor-day2/attached_assets/Pasted-Here-s-a-single-copy-paste-prompt-for-your-Replit-AI-Agent-It-cleans-Git-syncs-code-fixes-Vercel-1762810659710_1762810659711.txt,4915
/Levqor-backend/levqor-day2/attached_assets/Pasted-Here-s-a-single-copy-paste-Replit-AI-Agent-prompt-that-will-fix-checkout-handle-both-env-var-namin-1762698589506_1762698589508.txt,4504
/Levqor-backend/levqor-day2/attached_assets/Pasted-Here-s-a-single-paste-and-run-prompt-for-your-AI-agent-PHASE-6-5-Intelligence-Feedback-G-1762612027314_1762612027315.txt,9459
/Levqor-backend/levqor-day2/attached_assets/Pasted-Here-s-the-complete-single-AI-Agent-prompt-for-Replit-fully-unified-executable-and-self-verifyi-1762638358130_1762638358131.txt,7592
/Levqor-backend/levqor-day2/attached_assets/Pasted-Here-s-the-exact-Replit-AI-Agent-prompt-to-safely-finalize-and-push-your-40-production-files-for-Lev-1762640144787_1762640144789.txt,2068
/Levqor-backend/levqor-day2/attached_assets/Pasted-Here-s-the-single-consolidated-Replit-AI-Agent-prompt-the-final-self-contained-production-safe-c-1762781993606_1762781993607.txt,5228
/Levqor-backend/levqor-day2/attached_assets/Pasted-Here-s-the-straight-answer-and-the-fix-Harsh-audit-pricing-only-Gaps-vs-competitors-Zapier-Ma-1762779563755_1762779563756.txt,9491
/Levqor-backend/levqor-day2/attached_assets/Pasted-import-NextResponse-from-next-server-import-Stripe-from-stripe-const-stripe-new-Stripe--1762784447211_1762784447213.txt,3375
/Levqor-backend/levqor-day2/attached_assets/Pasted-Paste-this-as-a-single-message-to-your-Replit-AI-agent-It-is-idempotent-handles-git-locks-rebases--1762646439233_1762646439237.txt,7764
/Levqor-backend/levqor-day2/attached_assets/Pasted-ROLE-You-are-the-Release-Captain-for-Levqor-Run-a-full-system-validation-that-proves-new-pages-are--1762878304566_1762878304567.txt,7354
/Levqor-backend/levqor-day2/attached_assets/Pasted-Root-cause-the-API-route-is-still-crashing-at-module-load-That-means-some-top-level-code-executes--1762793304177_1762793304178.txt,6142
/Levqor-backend/levqor-day2/attached_assets/Pasted-set-e-echo-0-Preconditions-test-n-STRIPE-SECRET-KEY-echo-Missing-STRIPE-SECRET--1762776172626_1762776172635.txt,5343
/Levqor-backend/levqor-day2/attached_assets/Pasted-Starting-Phase-6-4-Intelligence-Revenue-Loop-now-What-you-ll-get-in-6-4-Adaptive-pricing-mode-1762610953243_1762610953244.txt,14240
/Levqor-backend/levqor-day2/attached_assets/Pasted-Understood-Here-s-the-complete-unified-Replit-AI-Agent-prompt-that-includes-everything-Full-com-1762779669479_1762779669481.txt,7461
/Levqor-backend/levqor-day2/attached_assets/Pasted-Understood-Here-s-the-complete-unified-Replit-AI-Agent-prompt-that-includes-everything-Full-com-1762780380240_1762780380242.txt,7461
/Levqor-backend/levqor-day2/attached_assets/Pasted-Understood-Here-s-the-rest-in-one-go-PR-text-merge-steps-CSP-tweaks-and-a-strict-post-deploy-va-1762848193980_1762848193981.txt,5774
/Levqor-backend/levqor-day2/attached_assets/Pasted-Understood-It-looks-unfinished-because-key-UX-blocks-are-missing-or-thin-Fix-it-in-one-pass-What-1762818012869_1762818012870.txt,5020
/Levqor-backend/levqor-day2/attached_assets/Pasted-Understood-No-questions-Here-s-the-single-final-one-shot-AI-agent-prompt-that-fixes-the-exact-pro-1762651923718_1762651923723.txt,4307
/Levqor-backend/levqor-day2/attached_assets/Pasted-You-are-in-repo-root-Do-not-ask-questions-Stop-on-error-with-STEP-FAILED-why-Goal-Upgrade-le-1762595607533_1762595607533.txt,2889
/Levqor-backend/levqor-day2/attached_assets/Pasted-You-are-in-the-repo-root-Do-not-ask-questions-Fail-closed-with-STEP-FAILED-reason-Implement-L-1762596655897_1762596655898.txt,4029
/Levqor-backend/levqor-day2/attached_assets/Pasted-You-are-in-the-repo-root-Do-not-ask-questions-Stop-on-any-error-with-STEP-FAILED-why-GOAL-P-1762593519540_1762593519541.txt,2295
/Levqor-backend/levqor-day2/attached_assets/Pasted-You-are-operating-in-the-workspace-root-Do-not-ask-questions-Fail-closed-with-a-clear-STEP-FAILED--1762557281899_1762557281900.txt,2489
/Levqor-backend/levqor-day2/attached_assets/Pasted-You-re-95-hardened-Do-these-final-deltas-and-call-it-production-grade-Final-hardening-deltas-1--1762374461866_1762374461867.txt,5053
/Levqor-backend/levqor-day2/attached_assets/Pasted-You-re-95-hardened-Do-these-final-deltas-and-call-it-production-grade-Final-hardening-deltas-1--1762374470767_1762374470768.txt,5053
/Levqor-backend/levqor-day2/attached_assets/Pasted-You-re-95-hardened-Do-these-final-deltas-and-call-it-production-grade-Final-hardening-deltas-1--1762374501926_1762374501927.txt,5053
/Levqor-backend/levqor-day2/attached_assets/Pasted-You-re-correct-Fix-it-now-on-the-frontend-repo-levqor-site-Pick-the-path-that-matches-your-setup-1762894070178_1762894070179.txt,2713
/Levqor-backend/levqor-day2/attached_assets/Pasted-You-re-live-but-the-UI-reads-scaffolded-Here-s-the-fastest-path-to-finished-in-one-PR-Finish-1762820489086_1762820489087.txt,12517
/Levqor-backend/levqor-day2/attached_assets/Pasted-You-re-one-change-away-route-api-levqor-ai-to-the-Replit-autoscale-deployment-Do-this-exactly-1--1762898304464_1762898304465.txt,2207
/Levqor-backend/levqor-day2/attached_assets/Pasted-You-re-pasting-JS-into-the-shell-Those-edits-must-go-into-files-Do-this-exactly-in-the-frontend-re-1762897340945_1762897340945.txt,2104
/Levqor-backend/levqor-day2/attached_assets/Pasted-You-re-seeing-an-old-or-partial-build-The-live-domain-isn-t-serving-the-latest-commit-Do-this-now-1762817526035_1762817526042.txt,4070
/Levqor-backend/levqor-day2/attached_assets/Pasted-You-re-still-seeing-old-content-because-the-apex-domain-isn-t-serving-the-latest-build-Fix-and-prov-1762894751771_1762894751771.txt,2061
/Levqor-backend/levqor-day2/attached_assets/Pasted-You-want-a-single-pass-fail-audit-Run-this-exactly-It-verifies-frontend-backend-engine-CDN-job-1762897971511_1762897971512.txt,3590
/Levqor-backend/levqor-day2/attached_assets/Pasted-You-want-a-single-pass-fail-audit-Run-this-exactly-It-verifies-frontend-backend-engine-CDN-job-1762898046022_1762898046022.txt,3590
/Levqor-backend/levqor-day2/attached_assets/Screenshot_20251108_073231_Chrome_1762587291046.jpg,565469
/Levqor-backend/levqor-day2/attached_assets/Screenshot_20251108_073253_Chrome_1762587291041.jpg,518788
/Levqor-backend/levqor-day2/attached_assets/Screenshot_20251108_073307_Chrome_1762587291034.jpg,519580
/Levqor-backend/levqor-day2/attached_assets/Screenshot_20251108_073338_Chrome_1762587291019.jpg,440446
/Levqor-backend/levqor-day2/attached_assets/Screenshot_20251108_073420_Chrome_1762587290991.jpg,227875
/Levqor-backend/levqor-day2/attached_assets/Screenshot_20251108_073420_Chrome_1762588189960.jpg,227875
/Levqor-backend/levqor-day2/attached_assets/Screenshot_20251108_073420_Chrome_1762588847910.jpg,227875
/Levqor-backend/levqor-day2/attached_assets/Screenshot_20251108_074827_Chrome_1762588189952.jpg,249585
/Levqor-backend/levqor-day2/attached_assets/Screenshot_20251108_074827_Chrome_1762588847904.jpg,249585
/Levqor-backend/levqor-day2/attached_assets/Screenshot_20251108_074836_Chrome_1762588189945.jpg,373955
/Levqor-backend/levqor-day2/attached_assets/Screenshot_20251108_074836_Chrome_1762588847900.jpg,373955
/Levqor-backend/levqor-day2/attached_assets/Screenshot_20251108_074901_Chrome_1762588189939.jpg,283448
/Levqor-backend/levqor-day2/attached_assets/Screenshot_20251108_074901_Chrome_1762588847894.jpg,283448
/Levqor-backend/levqor-day2/attached_assets/Screenshot_20251108_074915_Chrome_1762588189915.jpg,359188
/Levqor-backend/levqor-day2/attached_assets/Screenshot_20251108_074915_Chrome_1762588847866.jpg,359188
/Levqor-backend/levqor-day2/attached_assets/Screenshot_20251108_082538_Replit_1762590350728.jpg,851846
/Levqor-backend/levqor-day2/attached_assets/Screenshot_20251108_141950_Replit_1762611688156.jpg,326344
/Levqor-backend/levqor-day2/attached_assets/Screenshot_20251108_141950_Replit_1762613942526.jpg,326344
/Levqor-backend/levqor-day2/attached_assets/Screenshot_20251108_152000_Replit_1762615364586.jpg,319596
/Levqor-backend/levqor-day2/attached_assets/Screenshot_20251108_152000_Replit_1762615414306.jpg,319596
/Levqor-backend/levqor-day2/attached_assets/Screenshot_20251108_152104_ChatGPT_1762615364578.jpg,402490
/Levqor-backend/levqor-day2/attached_assets/Screenshot_20251108_152104_ChatGPT_1762615414289.jpg,402490
/Levqor-backend/levqor-day2/attached_assets/Screenshot_20251108_152118_ChatGPT_1762615364520.jpg,568460
/Levqor-backend/levqor-day2/attached_assets/Screenshot_20251108_152118_ChatGPT_1762615414282.jpg,568460
/Levqor-backend/levqor-day2/attached_assets/Screenshot_20251108_152502_One UI Home_1762615527252.jpg,462942
/Levqor-backend/levqor-day2/attached_assets/Screenshot_20251108_163552_Replit_1762619774212.jpg,411874
/Levqor-backend/levqor-day2/attached_assets/Screenshot_20251108_194509_Replit_1762631137089.jpg,512384
/Levqor-backend/levqor-day2/attached_assets/Screenshot_20251108_211849_Replit_1762636761742.jpg,489196
/Levqor-backend/levqor-day2/attached_assets/Screenshot_20251108_212030_Replit_1762636864609.jpg,490327
/Levqor-backend/levqor-day2/attached_assets/Screenshot_20251108_212030_Replit_1762636902847.jpg,490327
/Levqor-backend/levqor-day2/attached_assets/Screenshot_20251109_000737_Replit_1762646875766.jpg,548248
/Levqor-backend/levqor-day2/attached_assets/Screenshot_20251109_133941_Replit_1762695605811.jpg,656834
/Levqor-backend/levqor-day2/attached_assets/Screenshot_20251110_170616_Gallery_1762794382839.jpg,318550
/Levqor-backend/levqor-day2/attached_assets/Screenshot_20251110_170616_Gallery_1762794419452.jpg,318550
/Levqor-backend/levqor-day2/attached_assets/Screenshot_20251110_192754_Chrome_1762802904215.jpg,529393
/Levqor-backend/levqor-day2/attached_assets/Screenshot_20251110_200403_Chrome_1762805065053.jpg,483880
/Levqor-backend/levqor-day2/attached_assets/Screenshot_20251111_005856_Chrome_1762822776012.jpg,269782
/Levqor-backend/levqor-day2/attached_assets/Screenshot_20251111_011046_Chrome_1762823472596.jpg,370849
/Levqor-backend/levqor-day2/attached_assets/Screenshot_20251111_081821_Chrome_1762849200953.jpg,740958
/Levqor-backend/levqor-day2/attached_assets/Screenshot_20251111_081900_Chrome_1762849200936.jpg,594803
/Levqor-backend/levqor-day2/attached_assets/SEO_REPORT_1762588824676.md,490
/Levqor-backend/levqor-day2/AUTH_IMPLEMENTATION_OPTIONS.md,3456
/Levqor-backend/levqor-day2/AUTH_SETUP_COMPLETE.md,5764
/Levqor-backend/levqor-day2/AUTOMATION-NOTION-SUMMARY.md,5430
/Levqor-backend/levqor-day2/AUTOMATION-SETUP.md,5722
/Levqor-backend/levqor-day2/BACKUP-RESTORE-PROCEDURE.md,6934
/Levqor-backend/levqor-day2/BEGINNER_DEPLOYMENT_GUIDE.md,3709
/Levqor-backend/levqor-day2/BURN-IN-COMMENCED.md,8601
/Levqor-backend/levqor-day2/CACHE-PURGE-INSTRUCTIONS.md,1703
/Levqor-backend/levqor-day2/checkout.session.completed,
/Levqor-backend/levqor-day2/CLOUDFLARE-CONFIGURATION.md,7041
/Levqor-backend/levqor-day2/CLOUDFLARE-MANUAL-TASKS.md,6992
/Levqor-backend/levqor-day2/config/flags.json,183
/Levqor-backend/levqor-day2/COPY_PASTE_VALUES.txt,2372
/Levqor-backend/levqor-day2/COST_REPORTING_PLAN.md,3173
/Levqor-backend/levqor-day2/customer.subscription.created,
/Levqor-backend/levqor-day2/customer.subscription.deleted,
/Levqor-backend/levqor-day2/customer.subscription.updated,
/Levqor-backend/levqor-day2/DAY-1-DEPLOYMENT-CHECKLIST.md,2680
/Levqor-backend/levqor-day2/DAY-1-VERIFICATION-REPORT.md,10730
/Levqor-backend/levqor-day2/DAY-2-COMPLETION-SUMMARY.md,7573
/Levqor-backend/levqor-day2/DAY-2-DEPLOYMENT-COMPLETE.md,4686
/Levqor-backend/levqor-day2/DAY-2-FINAL-VERIFICATION.md,5469
/Levqor-backend/levqor-day2/DAY-2-FREE-TIER-COMPLETION.md,8481
/Levqor-backend/levqor-day2/DAY-2-MANUAL-TASKS.md,6679
/Levqor-backend/levqor-day2/DAY-2-QUICK-ACTION-CARD.md,4007
/Levqor-backend/levqor-day2/DAY-3-FREEZE-INSTRUCTIONS.md,5974
/Levqor-backend/levqor-day2/DAY-3-PASS-CRITERIA.md,3140
/Levqor-backend/levqor-day2/DEPLOY_CHECKOUT_FIX.sh,1011
/Levqor-backend/levqor-day2/deploy_frontend_complete.sh,2031
/Levqor-backend/levqor-day2/deploy_frontend_fixed.sh,992
/Levqor-backend/levqor-day2/deploy_now.sh,515
/Levqor-backend/levqor-day2/DEPLOY_NOW.txt,3102
/Levqor-backend/levqor-day2/DEPLOY_PRICING_V2.1.md,6717
/Levqor-backend/levqor-day2/DEPLOY_PRICING_V7.sh,952
/Levqor-backend/levqor-day2/DEPLOY_PRICING.md,3396
/Levqor-backend/levqor-day2/deploy-3-tier.sh,1220
/Levqor-backend/levqor-day2/DEPLOY-NOW.md,3517
/Levqor-backend/levqor-day2/deploy.sh,1500
/Levqor-backend/levqor-day2/DEPLOY.sh,887
/Levqor-backend/levqor-day2/DEPLOYMENT_INSTRUCTIONS.md,1973
/Levqor-backend/levqor-day2/DEPLOYMENT_REPORT.md,4097
/Levqor-backend/levqor-day2/DEPLOYMENT_RUNBOOK.md,5464
/Levqor-backend/levqor-day2/DEPLOYMENT_STATUS.md,1669
/Levqor-backend/levqor-day2/DEPLOYMENT_SUCCESS.md,2339
/Levqor-backend/levqor-day2/DEPLOYMENT_SUMMARY.txt,5289
/Levqor-backend/levqor-day2/DEPLOYMENT-v7.0.md,8254
/Levqor-backend/levqor-day2/DNS_TROUBLESHOOT.txt,2898
/Levqor-backend/levqor-day2/EXPANSION-MONITORING-SUMMARY.md,7494
/Levqor-backend/levqor-day2/EXPANSION-ROADMAP.md,12502
/Levqor-backend/levqor-day2/FINAL_DEPLOYMENT_STEPS.txt,4308
/Levqor-backend/levqor-day2/FINAL_SHIP_LOG.txt,15579
/Levqor-backend/levqor-day2/FINAL_SHIP_SUMMARY.md,6800
/Levqor-backend/levqor-day2/finalize-deployment.sh,1768
/Levqor-backend/levqor-day2/fix-and-deploy.sh,3027
/Levqor-backend/levqor-day2/FOUR-ACTIONS-COMPLETE.md,10811
/Levqor-backend/levqor-day2/FRONTEND-DEPLOYMENT-STATUS.md,2882
/Levqor-backend/levqor-day2/generated-icon.png,9118
/Levqor-backend/levqor-day2/GENESIS-v8.0-READINESS.md,4784
/Levqor-backend/levqor-day2/HOW_TO_DEPLOY.md,2360
/Levqor-backend/levqor-day2/IMPLEMENTATION_SUMMARY.md,4086
/Levqor-backend/levqor-day2/IMPLEMENTATION-SUMMARY.md,9998
/Levqor-backend/levqor-day2/integrity_reports/finalizer_report_1762866750.json,2724
/Levqor-backend/levqor-day2/integrity_reports/integrity_evidence_1762866750.pdf,6578
/Levqor-backend/levqor-day2/integrity_reports/integrity_report_1762866750.json,2515
/Levqor-backend/levqor-day2/INTEGRITY-PACK-GUIDE.md,10779
/Levqor-backend/levqor-day2/INTELLIGENCE-LOGGING-ENHANCED.md,8362
/Levqor-backend/levqor-day2/LAUNCH_INSTRUCTIONS.md,3570
/Levqor-backend/levqor-day2/levqor-site/.deploy,32
/Levqor-backend/levqor-day2/levqor-site/.deploy-trigger,50
/Levqor-backend/levqor-day2/levqor-site/.vercel-cache-clear,61
/Levqor-backend/levqor-day2/levqor-site/index.js,59
/Levqor-backend/levqor-day2/levqor-site/instrumentation.ts,224
/Levqor-backend/levqor-day2/levqor-site/levqor_fix_all.sh,4857
/Levqor-backend/levqor-day2/levqor-site/next.config.js,838
/Levqor-backend/levqor-day2/levqor-site/next.config.js.bak,92
/Levqor-backend/levqor-day2/levqor-site/next.config.mjs,257
/Levqor-backend/levqor-day2/levqor-site/package-lock.json,166746
/Levqor-backend/levqor-day2/levqor-site/package.json,681
/Levqor-backend/levqor-day2/levqor-site/sentry.client.config.ts,417
/Levqor-backend/levqor-day2/levqor-site/sentry.edge.config.ts,237
/Levqor-backend/levqor-day2/levqor-site/sentry.server.config.ts,237
/Levqor-backend/levqor-day2/levqor-site/src/app/(catchall)/[...slug]/page.tsx,99
/Levqor-backend/levqor-day2/levqor-site/src/app/admin/insights/page.tsx,9772
/Levqor-backend/levqor-day2/levqor-site/src/app/contact/page.tsx,1799
/Levqor-backend/levqor-day2/levqor-site/src/app/dashboard/page.tsx,3606
/Levqor-backend/levqor-day2/levqor-site/src/app/developer/docs/page.tsx,13042
/Levqor-backend/levqor-day2/levqor-site/src/app/developer/keys/page.tsx,14006
/Levqor-backend/levqor-day2/levqor-site/src/app/developer/page.tsx,11625
/Levqor-backend/levqor-day2/levqor-site/src/app/docs/page.tsx,1906
/Levqor-backend/levqor-day2/levqor-site/src/app/error.tsx,1405
/Levqor-backend/levqor-day2/levqor-site/src/app/globals.css,485
/Levqor-backend/levqor-day2/levqor-site/src/app/insights/data/page.tsx,7245
/Levqor-backend/levqor-day2/levqor-site/src/app/insights/page.tsx,5530
/Levqor-backend/levqor-day2/levqor-site/src/app/intelligence/page.tsx,11230
/Levqor-backend/levqor-day2/levqor-site/src/app/layout.tsx,8370
/Levqor-backend/levqor-day2/levqor-site/src/app/loading.tsx,811
/Levqor-backend/levqor-day2/levqor-site/src/app/marketplace/page.tsx,6141
/Levqor-backend/levqor-day2/levqor-site/src/app/not-found.tsx,1300
/Levqor-backend/levqor-day2/levqor-site/src/app/page.tsx,8875
/Levqor-backend/levqor-day2/levqor-site/src/app/pricing/page.tsx,19004
/Levqor-backend/levqor-day2/levqor-site/src/app/privacy/page.tsx,1535
/Levqor-backend/levqor-day2/levqor-site/src/app/robots.ts,287
/Levqor-backend/levqor-day2/levqor-site/src/app/signin/error.tsx,1103
/Levqor-backend/levqor-day2/levqor-site/src/app/signin/loading.tsx,395
/Levqor-backend/levqor-day2/levqor-site/src/app/signin/page.tsx,5464
/Levqor-backend/levqor-day2/levqor-site/src/app/signin/verify/page.tsx,988
/Levqor-backend/levqor-day2/levqor-site/src/app/sitemap.ts,905
/Levqor-backend/levqor-day2/levqor-site/src/app/terms/page.tsx,1525
/Levqor-backend/levqor-day2/levqor-site/src/app/thanks/page.tsx,900
/Levqor-backend/levqor-day2/levqor-site/src/auth.ts,2064
/Levqor-backend/levqor-day2/levqor-site/src/components/AnalyticsWidget.tsx,5184
/Levqor-backend/levqor-day2/levqor-site/src/components/DashboardTiles.tsx,1593
/Levqor-backend/levqor-day2/levqor-site/src/components/Hero.tsx,1561
/Levqor-backend/levqor-day2/levqor-site/src/components/JsonLd.tsx,219
/Levqor-backend/levqor-day2/levqor-site/src/components/Logos.tsx,830
/Levqor-backend/levqor-day2/levqor-site/src/components/providers.tsx,195
/Levqor-backend/levqor-day2/levqor-site/src/components/StatusPill.tsx,1108
/Levqor-backend/levqor-day2/levqor-site/src/components/Testimonials.tsx,481
/Levqor-backend/levqor-day2/levqor-site/src/components/TrustSection.tsx,3852
/Levqor-backend/levqor-day2/levqor-site/src/middleware.ts,552
/Levqor-backend/levqor-day2/levqor-site/tsconfig.json,648
/Levqor-backend/levqor-day2/levqor-site/vercel.json,63
/Levqor-backend/levqor-day2/levqor.db-shm,32768
/Levqor-backend/levqor-day2/levqor.db-wal,
/Levqor-backend/levqor-day2/levqor.db.backup,245760
/Levqor-backend/levqor-day2/MANUAL_DEPLOY_STEPS.txt,4257
/Levqor-backend/levqor-day2/NOTION-QUICK-START.md,2939
/Levqor-backend/levqor-day2/NOTION-SETUP-GUIDE.md,7643
/Levqor-backend/levqor-day2/package-lock.json,9917
/Levqor-backend/levqor-day2/package.json,52
/Levqor-backend/levqor-day2/PHASE_6_3_SUMMARY.md,5375
/Levqor-backend/levqor-day2/PHASE_6_4_SUMMARY.md,9749
/Levqor-backend/levqor-day2/PHASE_6_5_STATUS.md,6967
/Levqor-backend/levqor-day2/PHASE_6_5_SUMMARY.md,6722
/Levqor-backend/levqor-day2/PHASE_7_PRICING_FINALIZED.md,8515
/Levqor-backend/levqor-day2/postgresql:/postgres:password@helium/heliumdb?sslmode=disable,20480
/Levqor-backend/levqor-day2/PRODUCTION_CHECKLIST.md,3819
/Levqor-backend/levqor-day2/public_smoke.sh,5314
/Levqor-backend/levqor-day2/QUICK_SETUP_GUIDE.md,4078
/Levqor-backend/levqor-day2/READY_TO_DEPLOY.md,2995
/Levqor-backend/levqor-day2/RELEASE-VALIDATION-REPORT.md,11161
/Levqor-backend/levqor-day2/replit.md,5260
/Levqor-backend/levqor-day2/reports/EXPANSION-MONITOR.md,1322
/Levqor-backend/levqor-day2/SECURITY-HARDENING-REPORT.md,26635
/Levqor-backend/levqor-day2/setup_auth.sh,6156
/Levqor-backend/levqor-day2/setup_oauth_automated.sh,6484
/Levqor-backend/levqor-day2/setup_stripe_and_vercel.sh,9878
/Levqor-backend/levqor-day2/SOFT-START-STATUS.md,6316
/Levqor-backend/levqor-day2/src/app/admin/insights/page.tsx,74
/Levqor-backend/levqor-day2/src/app/insights/page.tsx,563
/Levqor-backend/levqor-day2/src/app/not-found.tsx,778
/Levqor-backend/levqor-day2/src/app/page.tsx,1272
/Levqor-backend/levqor-day2/START_HERE.md,6794
/Levqor-backend/levqor-day2/STATUS_SUMMARY.md,1320
/Levqor-backend/levqor-day2/STRIPE_3_TIER_SETUP.md,4079
/Levqor-backend/levqor-day2/STRIPE_CHECKOUT_FIXED.md,3402
/Levqor-backend/levqor-day2/STRIPE_SETUP_CHECKLIST.md,1070
/Levqor-backend/levqor-day2/templates/admin/flags.html,6071
/Levqor-backend/levqor-day2/triage_and_fix.sh,4707
/Levqor-backend/levqor-day2/TRIAGE_COMPLETION_REPORT.md,3570
/Levqor-backend/levqor-day2/TRIAGE_GAP_ANALYSIS.md,2940
/Levqor-backend/levqor-day2/V6_5_ROUTING_REPORT.md,6118
/Levqor-backend/levqor-day2/VALIDATION-STEP-1.md,3971
/Levqor-backend/levqor-day2/VERCEL_DASHBOARD_DEPLOY.txt,3305
/Levqor-backend/levqor-day2/VERIFICATION_REPORT.md,3618
/Levqor-backend/levqor-day2/verify_all.sh,8797
/Levqor-backend/levqor-day2/VERIFY_AND_REDEPLOY.txt,3360
/Levqor-backend/levqor-day2/VERIFY_DOMAIN.txt,2236
/Levqor-backend/levqor-day2/verify_release.sh,3781
/Levqor-backend/levqor-day2/verify_v6_2.sh,9817
/Levqor-backend/levqor-day2/verify_v6_4.sh,7968
/Levqor-backend/levqor-day2/verify_v6_5.sh,5683
/Levqor-backend/levqor-site/.deploy,32
/Levqor-backend/levqor-site/.deploy-trigger,50
/Levqor-backend/levqor-site/.vercel-cache-clear,61
/Levqor-backend/levqor-site/index.js,59
/Levqor-backend/levqor-site/instrumentation.ts,224
/Levqor-backend/levqor-site/levqor_fix_all.sh,4857
/Levqor-backend/levqor-site/next.config.js,838
/Levqor-backend/levqor-site/next.config.js.bak,92
/Levqor-backend/levqor-site/next.config.mjs,257
/Levqor-backend/levqor-site/package-lock.json,166746
/Levqor-backend/levqor-site/package.json,681
/Levqor-backend/levqor-site/sentry.client.config.ts,417
/Levqor-backend/levqor-site/sentry.edge.config.ts,237
/Levqor-backend/levqor-site/sentry.server.config.ts,237
/Levqor-backend/levqor-site/src/app/(catchall)/[...slug]/page.tsx,99
/Levqor-backend/levqor-site/src/app/admin/insights/page.tsx,9772
/Levqor-backend/levqor-site/src/app/build.ts,45
/Levqor-backend/levqor-site/src/app/contact/page.tsx,1799
/Levqor-backend/levqor-site/src/app/dashboard/page.tsx,3606
/Levqor-backend/levqor-site/src/app/developer/docs/page.tsx,13042
/Levqor-backend/levqor-site/src/app/developer/keys/page.tsx,14006
/Levqor-backend/levqor-site/src/app/developer/page.tsx,11625
/Levqor-backend/levqor-site/src/app/docs/page.tsx,1906
/Levqor-backend/levqor-site/src/app/error.tsx,1405
/Levqor-backend/levqor-site/src/app/globals.css,485
/Levqor-backend/levqor-site/src/app/insights/data/page.tsx,7245
/Levqor-backend/levqor-site/src/app/insights/page.tsx,5530
/Levqor-backend/levqor-site/src/app/intelligence/page.tsx,11230
/Levqor-backend/levqor-site/src/app/layout.tsx,8370
/Levqor-backend/levqor-site/src/app/loading.tsx,811
/Levqor-backend/levqor-site/src/app/marketplace/page.tsx,6141
/Levqor-backend/levqor-site/src/app/not-found.tsx,1300
/Levqor-backend/levqor-site/src/app/page.tsx,8875
/Levqor-backend/levqor-site/src/app/pricing/page.tsx,19004
/Levqor-backend/levqor-site/src/app/privacy/page.tsx,1535
/Levqor-backend/levqor-site/src/app/robots.ts,287
/Levqor-backend/levqor-site/src/app/signin/error.tsx,1103
/Levqor-backend/levqor-site/src/app/signin/loading.tsx,395
/Levqor-backend/levqor-site/src/app/signin/page.tsx,5464
/Levqor-backend/levqor-site/src/app/signin/verify/page.tsx,988
/Levqor-backend/levqor-site/src/app/sitemap.ts,905
/Levqor-backend/levqor-site/src/app/terms/page.tsx,1525
/Levqor-backend/levqor-site/src/app/thanks/page.tsx,900
/Levqor-backend/levqor-site/src/auth.ts,2064
/Levqor-backend/levqor-site/src/components/AnalyticsWidget.tsx,5184
/Levqor-backend/levqor-site/src/components/DashboardTiles.tsx,1593
/Levqor-backend/levqor-site/src/components/Hero.tsx,1561
/Levqor-backend/levqor-site/src/components/JsonLd.tsx,219
/Levqor-backend/levqor-site/src/components/Logos.tsx,830
/Levqor-backend/levqor-site/src/components/providers.tsx,195
/Levqor-backend/levqor-site/src/components/StatusPill.tsx,1108
/Levqor-backend/levqor-site/src/components/Testimonials.tsx,481
/Levqor-backend/levqor-site/src/components/TrustSection.tsx,3852
/Levqor-backend/levqor-site/src/middleware.ts,552
/Levqor-backend/levqor-site/tsconfig.json,648
/Levqor-backend/levqor-site/vercel.json,63
/Levqor-backend/levqor.db-shm,32768
/Levqor-backend/levqor.db-wal,
/Levqor-backend/levqor.db.backup,245760
/Levqor-backend/MANUAL_DEPLOY_STEPS.txt,4257
/Levqor-backend/NOTION-QUICK-START.md,2939
/Levqor-backend/NOTION-SETUP-GUIDE.md,7643
/Levqor-backend/package-lock.json,9917
/Levqor-backend/package.json,52
/Levqor-backend/PHASE_6_3_SUMMARY.md,5375
/Levqor-backend/PHASE_6_4_SUMMARY.md,9749
/Levqor-backend/PHASE_6_5_STATUS.md,6967
/Levqor-backend/PHASE_6_5_SUMMARY.md,6722
/Levqor-backend/PHASE_7_PRICING_FINALIZED.md,8515
/Levqor-backend/postgresql:/postgres:password@helium/heliumdb?sslmode=disable,20480
/Levqor-backend/PRODUCTION_CHECKLIST.md,3819
/Levqor-backend/public_smoke.sh,5314
/Levqor-backend/QUICK_SETUP_GUIDE.md,4078
/Levqor-backend/READY_TO_DEPLOY.md,2995
/Levqor-backend/RELEASE-VALIDATION-REPORT.md,11161
/Levqor-backend/replit.md,5260
/Levqor-backend/reports/EXPANSION-MONITOR.md,1322
/Levqor-backend/SECURITY-HARDENING-REPORT.md,26635
/Levqor-backend/setup_auth.sh,6156
/Levqor-backend/setup_oauth_automated.sh,6484
/Levqor-backend/setup_stripe_and_vercel.sh,9878
/Levqor-backend/SOFT-START-STATUS.md,6316
/Levqor-backend/src/app/admin/insights/page.tsx,74
/Levqor-backend/src/app/insights/page.tsx,563
/Levqor-backend/src/app/not-found.tsx,778
/Levqor-backend/src/app/page.tsx,1272
/Levqor-backend/START_HERE.md,6794
/Levqor-backend/STATUS_SUMMARY.md,1320
/Levqor-backend/STRIPE_3_TIER_SETUP.md,4079
/Levqor-backend/STRIPE_CHECKOUT_FIXED.md,3402
/Levqor-backend/STRIPE_SETUP_CHECKLIST.md,1070
/Levqor-backend/templates/admin/flags.html,6071
/Levqor-backend/triage_and_fix.sh,4707
/Levqor-backend/TRIAGE_COMPLETION_REPORT.md,3570
/Levqor-backend/TRIAGE_GAP_ANALYSIS.md,2940
/Levqor-backend/V6_5_ROUTING_REPORT.md,6118
/Levqor-backend/VALIDATION-STEP-1.md,3971
/Levqor-backend/VERCEL_DASHBOARD_DEPLOY.txt,3305
/Levqor-backend/VERIFICATION_REPORT.md,3618
/Levqor-backend/verify_all.sh,8797
/Levqor-backend/VERIFY_AND_REDEPLOY.txt,3360
/Levqor-backend/VERIFY_DOMAIN.txt,2236
/Levqor-backend/verify_release.sh,3781
/Levqor-backend/verify_v6_2.sh,9817
/Levqor-backend/verify_v6_4.sh,7968
/Levqor-backend/verify_v6_5.sh,5683
/levqor-day2.bundle,44912225
/levqor-day2/.env.example,532
/levqor-day2/.env.genesis,452
/levqor-day2/.env.staging,550
/levqor-day2/.redeploy,32
/levqor-day2/.replit,1241
/levqor-day2/.vercelignore,224
/levqor-day2/{"workflow":"test","payload":{}},488
/levqor-day2/ðŸš€-DEPLOY-v7.0-NOW.txt,5424
/levqor-day2/2FA-ENABLEMENT-GUIDE.md,6907
/levqor-day2/ACCESS-REVIEW-CHECKLIST.md,8929
/levqor-day2/ADD_TO_VERCEL.md,1926
/levqor-day2/add_vercel_secrets.sh,3204
/levqor-day2/API_KEY_ROTATION.md,1953
/levqor-day2/attached_assets/Pasted--0-Repo-hygiene-git-add-A-true-git-reset-hard-git-pull-rebase-echo-WARN-no-remote--1762637555658_1762637555659.txt,8125
/levqor-day2/attached_assets/Pasted--0-REQUIREMENTS-You-must-have-thes-1762692210656_1762692210657.txt,4863
/levqor-day2/attached_assets/Pasted--0-SCOPE-GUARANTEES-AND-GUARDRAILS--1762871057906_1762871057907.txt,10148
/levqor-day2/attached_assets/Pasted--1-INTEGRITY-FINALIZER-PACK-2-week-deliverable-Why-Enterprise-grade-trust-layer-immediate--1762866368893_1762866368893.txt,3275
/levqor-day2/attached_assets/Pasted--ADD-AUTH-NEXTAUTH-RESEND-MAGIC-LINK-set-euo-pipefail-FRONT-levqor-site-cd-FRONT--1762554757360_1762554757360.txt,3722
/levqor-day2/attached_assets/Pasted--COMMAND-EXECUTION-PLAN-INTELLIGENCE-STATUS-LOGGING-ERROR-DETAILS-WHY-Surface-root-c-1762877629322_1762877629323.txt,6970
/levqor-day2/attached_assets/Pasted--FIX-DEPLOY-PRICING-PAGE-Goal-Add-Starter-19-and-Pro-49-plans-connect-both-to-S-1762680437536_1762680437537.txt,3682
/levqor-day2/attached_assets/Pasted--GENESIS-v8-0-SECURITY-BURN-IN-MASTER-PROMPT-Day-1-7-Inputs-export-DOMAIN-levqor-a-1762880269207_1762880269207.txt,4883
/levqor-day2/attached_assets/Pasted--GENESIS-v8-0-SECURITY-BURN-IN-MASTER-PROMPT-Day-1-7-Inputs-export-DOMAIN-levqor-a-1762880336910_1762880336911.txt,4883
/levqor-day2/attached_assets/Pasted--Levqor-48-Hour-Sprint-Premium-UX-Live-Pricing-Trust-Setup-rm-f-git-index-lock-true-git-r-1762653417192_1762653417192.txt,2919
/levqor-day2/attached_assets/Pasted--LEVQOR-AUTH-DASHBOARD-NEXTAUTH-RESEND-set-euo-pipefail-say-printf-n-033-1m-s-0-1762555396060_1762555396061.txt,6144
/levqor-day2/attached_assets/Pasted--LEVQOR-BACKEND-BEGINNER-DEPLOYMENT-GUIDE-ONE-PROMPT-VERSION-STEP-1-DEPLOY-BACKEND-1762377030592_1762377030594.txt,3092
/levqor-day2/attached_assets/Pasted--LEVQOR-DATA-INSIGHTS-REPORTS-v6-0-Phase-2-Goal-1762869752382_1762869752383.txt,8748
/levqor-day2/attached_assets/Pasted--LEVQOR-DEVELOPER-PORTAL-FRONTEND-STRIPE-SETUP-Sc-1762868930825_1762868930826.txt,12448
/levqor-day2/attached_assets/Pasted--levqor-fix-all-sh-final-end-to-end-fixer-for-Git-Vercel-Checkout-Safe-to-re-run-No-jq-Ex-1762789526337_1762789526338.txt,5036
/levqor-day2/attached_assets/Pasted--LEVQOR-LIVE-TRIAGE-FIX-set-euo-pipefail-say-printf-n-033-1m-s-033-0m-n-1-o-1762553586620_1762553586622.txt,4707
/levqor-day2/attached_assets/Pasted--LEVQOR-LIVE-VERIFY-REPAIR-set-euo-pipefail-say-printf-n-033-1m-s-033-0m-n-1--1762554370251_1762554370254.txt,3318
/levqor-day2/attached_assets/Pasted--LEVQOR-v6-2-COMMAND-EX-1762608764121_1762608764122.txt,7607
/levqor-day2/attached_assets/Pasted--LEVQOR-v7-0-INTELLIGENCE-EVOLUTION-LAYER--1762871520320_1762871520321.txt,8744
/levqor-day2/attached_assets/Pasted--LEVQOR-v8-0-GENESIS-WEEK-0-1-INIT-Goal-create-1762874279004_1762874279006.txt,7264
/levqor-day2/attached_assets/Pasted--OBJECTIVE-Apply-final-hardening-to-Levqor-backend-and-verify-1-Patch-run-py-with-HSTS--1762375390320_1762375390321.txt,2957
/levqor-day2/attached_assets/Pasted--PHASE-3-PARTNER-API-REGISTRY--1762870262558_1762870262559.txt,7656
/levqor-day2/attached_assets/Pasted--PHASE-A-PARTNER-ECOSYSTEM-PLUGIN-PART-1762866835822_1762866835823.txt,5348
/levqor-day2/attached_assets/Pasted--PRICING-v2-1-Monthly-Yearly-Coupons-Blurb-VAT-note-Outcome-pricing-has-Mo-1762681475745_1762681475746.txt,8176
/levqor-day2/attached_assets/Pasted--PRICING-v2-Monthly-Yearly-Coupons-Outcome-pricing-shows-Monthly-Yearly-toggle-1762681346644_1762681346645.txt,6489
/levqor-day2/attached_assets/Pasted--STEP-1-PARTNER-API-MARKETPLACE-v6-0A--1762867510155_1762867510162.txt,5676
/levqor-day2/attached_assets/Pasted--STEP-1-VALIDATE-REDEPLOY-SUCCESS-WHY-Ensures-production-integrity-before-expansion-begins--1762865079423_1762865079424.txt,4584
/levqor-day2/attached_assets/Pasted-A-Developer-Portal-first-Fastest-unlock-foundational-for-partners-and-enterprise-COMMAND-1762868210131_1762868210132.txt,3386
/levqor-day2/attached_assets/Pasted-cat-tmp-finish-sh-EOF-set-e-cd-workspace-levqor-site-1-Backup-mkdir-p-backups-cp-n-n-1762822267077_1762822267078.txt,2452
/levqor-day2/attached_assets/Pasted-COMMAND-EXECUTION-PLAN-LEVQOR-v8-0-GENESIS-TRANSITION-CHECKLIST-CUTOVER-SCRIPT-Purpose-conver-1762871934074_1762871934075.txt,4935
/levqor-day2/attached_assets/Pasted-Confirmed-Four-actions-complete-Now-close-the-endpoint-import-issue-verify-end-to-end-and-start--1762877019295_1762877019296.txt,5030
/levqor-day2/attached_assets/Pasted-Correct-approach-keep-everything-100-production-grade-on-zero-extra-cost-Here-s-your-next-stage--1762891823954_1762891823955.txt,2378
/levqor-day2/attached_assets/Pasted-FOCUS-Repair-Stripe-checkout-clean-redeploy-and-verify-You-are-operating-in-the-repo-that-contai-1762729261125_1762729261127.txt,6759
/levqor-day2/attached_assets/Pasted-Focus-this-is-an-env-mapping-issue-not-Stripe-Your-API-is-running-but-can-t-see-the-price-IDs-at--1762784112203_1762784112204.txt,5974
/levqor-day2/attached_assets/Pasted-Goal-Make-v6-5-admin-APIs-reachable-from-the-public-domain-and-verify-end-to-end-1-Add-a-public--1762639724151_1762639724151.txt,2368
/levqor-day2/attached_assets/Pasted-Good-We-execute-a-clean-deterministic-fix-0-Inputs-you-must-have-ready-Live-Stripe-secret-sk--1762791564541_1762791564542.txt,6961
/levqor-day2/attached_assets/Pasted-Good-We-execute-a-clean-deterministic-fix-0-Inputs-you-must-have-ready-Live-Stripe-secret-sk--1762791594948_1762791594948.txt,6961
/levqor-day2/attached_assets/Pasted-Here-is-the-v6-3-Autonomy-Scaling-Command-Execution-Plan-and-a-single-AI-agent-prompt-you-can-pa-1762609817063_1762609817064.txt,6136
/levqor-day2/attached_assets/Pasted-Here-is-your-single-copy-paste-Replit-AI-Agent-master-prompt-It-is-self-contained-defensive-and--1762781051105_1762781051106.txt,11968
/levqor-day2/attached_assets/Pasted-Here-s-a-single-agent-ready-prompt-you-can-paste-into-Replit-s-AI-Agent-It-will-verify-auto-fix-a-1762718828513_1762718828513.txt,3879
/levqor-day2/attached_assets/Pasted-Here-s-a-single-copy-paste-prompt-for-your-Replit-AI-Agent-It-cleans-Git-syncs-code-fixes-Vercel-1762810659710_1762810659711.txt,4915
/levqor-day2/attached_assets/Pasted-Here-s-a-single-copy-paste-Replit-AI-Agent-prompt-that-will-fix-checkout-handle-both-env-var-namin-1762698589506_1762698589508.txt,4504
/levqor-day2/attached_assets/Pasted-Here-s-a-single-paste-and-run-prompt-for-your-AI-agent-PHASE-6-5-Intelligence-Feedback-G-1762612027314_1762612027315.txt,9459
/levqor-day2/attached_assets/Pasted-Here-s-the-complete-single-AI-Agent-prompt-for-Replit-fully-unified-executable-and-self-verifyi-1762638358130_1762638358131.txt,7592
/levqor-day2/attached_assets/Pasted-Here-s-the-exact-Replit-AI-Agent-prompt-to-safely-finalize-and-push-your-40-production-files-for-Lev-1762640144787_1762640144789.txt,2068
/levqor-day2/attached_assets/Pasted-Here-s-the-single-consolidated-Replit-AI-Agent-prompt-the-final-self-contained-production-safe-c-1762781993606_1762781993607.txt,5228
/levqor-day2/attached_assets/Pasted-Here-s-the-straight-answer-and-the-fix-Harsh-audit-pricing-only-Gaps-vs-competitors-Zapier-Ma-1762779563755_1762779563756.txt,9491
/levqor-day2/attached_assets/Pasted-import-NextResponse-from-next-server-import-Stripe-from-stripe-const-stripe-new-Stripe--1762784447211_1762784447213.txt,3375
/levqor-day2/attached_assets/Pasted-Paste-this-as-a-single-message-to-your-Replit-AI-agent-It-is-idempotent-handles-git-locks-rebases--1762646439233_1762646439237.txt,7764
/levqor-day2/attached_assets/Pasted-ROLE-You-are-the-Release-Captain-for-Levqor-Run-a-full-system-validation-that-proves-new-pages-are--1762878304566_1762878304567.txt,7354
/levqor-day2/attached_assets/Pasted-Root-cause-the-API-route-is-still-crashing-at-module-load-That-means-some-top-level-code-executes--1762793304177_1762793304178.txt,6142
/levqor-day2/attached_assets/Pasted-set-e-echo-0-Preconditions-test-n-STRIPE-SECRET-KEY-echo-Missing-STRIPE-SECRET--1762776172626_1762776172635.txt,5343
/levqor-day2/attached_assets/Pasted-Starting-Phase-6-4-Intelligence-Revenue-Loop-now-What-you-ll-get-in-6-4-Adaptive-pricing-mode-1762610953243_1762610953244.txt,14240
/levqor-day2/attached_assets/Pasted-Understood-Here-s-the-complete-unified-Replit-AI-Agent-prompt-that-includes-everything-Full-com-1762779669479_1762779669481.txt,7461
/levqor-day2/attached_assets/Pasted-Understood-Here-s-the-complete-unified-Replit-AI-Agent-prompt-that-includes-everything-Full-com-1762780380240_1762780380242.txt,7461
/levqor-day2/attached_assets/Pasted-Understood-Here-s-the-rest-in-one-go-PR-text-merge-steps-CSP-tweaks-and-a-strict-post-deploy-va-1762848193980_1762848193981.txt,5774
/levqor-day2/attached_assets/Pasted-Understood-It-looks-unfinished-because-key-UX-blocks-are-missing-or-thin-Fix-it-in-one-pass-What-1762818012869_1762818012870.txt,5020
/levqor-day2/attached_assets/Pasted-Understood-No-questions-Here-s-the-single-final-one-shot-AI-agent-prompt-that-fixes-the-exact-pro-1762651923718_1762651923723.txt,4307
/levqor-day2/attached_assets/Pasted-You-are-in-repo-root-Do-not-ask-questions-Stop-on-error-with-STEP-FAILED-why-Goal-Upgrade-le-1762595607533_1762595607533.txt,2889
/levqor-day2/attached_assets/Pasted-You-are-in-the-repo-root-Do-not-ask-questions-Fail-closed-with-STEP-FAILED-reason-Implement-L-1762596655897_1762596655898.txt,4029
/levqor-day2/attached_assets/Pasted-You-are-in-the-repo-root-Do-not-ask-questions-Stop-on-any-error-with-STEP-FAILED-why-GOAL-P-1762593519540_1762593519541.txt,2295
/levqor-day2/attached_assets/Pasted-You-are-operating-in-the-workspace-root-Do-not-ask-questions-Fail-closed-with-a-clear-STEP-FAILED--1762557281899_1762557281900.txt,2489
/levqor-day2/attached_assets/Pasted-You-re-95-hardened-Do-these-final-deltas-and-call-it-production-grade-Final-hardening-deltas-1--1762374461866_1762374461867.txt,5053
/levqor-day2/attached_assets/Pasted-You-re-95-hardened-Do-these-final-deltas-and-call-it-production-grade-Final-hardening-deltas-1--1762374470767_1762374470768.txt,5053
/levqor-day2/attached_assets/Pasted-You-re-95-hardened-Do-these-final-deltas-and-call-it-production-grade-Final-hardening-deltas-1--1762374501926_1762374501927.txt,5053
/levqor-day2/attached_assets/Pasted-You-re-correct-Fix-it-now-on-the-frontend-repo-levqor-site-Pick-the-path-that-matches-your-setup-1762894070178_1762894070179.txt,2713
/levqor-day2/attached_assets/Pasted-You-re-live-but-the-UI-reads-scaffolded-Here-s-the-fastest-path-to-finished-in-one-PR-Finish-1762820489086_1762820489087.txt,12517
/levqor-day2/attached_assets/Pasted-You-re-one-change-away-route-api-levqor-ai-to-the-Replit-autoscale-deployment-Do-this-exactly-1--1762898304464_1762898304465.txt,2207
/levqor-day2/attached_assets/Pasted-You-re-pasting-JS-into-the-shell-Those-edits-must-go-into-files-Do-this-exactly-in-the-frontend-re-1762897340945_1762897340945.txt,2104
/levqor-day2/attached_assets/Pasted-You-re-seeing-an-old-or-partial-build-The-live-domain-isn-t-serving-the-latest-commit-Do-this-now-1762817526035_1762817526042.txt,4070
/levqor-day2/attached_assets/Pasted-You-re-still-seeing-old-content-because-the-apex-domain-isn-t-serving-the-latest-build-Fix-and-prov-1762894751771_1762894751771.txt,2061
/levqor-day2/attached_assets/Pasted-You-want-a-single-pass-fail-audit-Run-this-exactly-It-verifies-frontend-backend-engine-CDN-job-1762897971511_1762897971512.txt,3590
/levqor-day2/attached_assets/Pasted-You-want-a-single-pass-fail-audit-Run-this-exactly-It-verifies-frontend-backend-engine-CDN-job-1762898046022_1762898046022.txt,3590
/levqor-day2/attached_assets/Screenshot_20251108_073231_Chrome_1762587291046.jpg,565469
/levqor-day2/attached_assets/Screenshot_20251108_073253_Chrome_1762587291041.jpg,518788
/levqor-day2/attached_assets/Screenshot_20251108_073307_Chrome_1762587291034.jpg,519580
/levqor-day2/attached_assets/Screenshot_20251108_073338_Chrome_1762587291019.jpg,440446
/levqor-day2/attached_assets/Screenshot_20251108_073420_Chrome_1762587290991.jpg,227875
/levqor-day2/attached_assets/Screenshot_20251108_073420_Chrome_1762588189960.jpg,227875
/levqor-day2/attached_assets/Screenshot_20251108_073420_Chrome_1762588847910.jpg,227875
/levqor-day2/attached_assets/Screenshot_20251108_074827_Chrome_1762588189952.jpg,249585
/levqor-day2/attached_assets/Screenshot_20251108_074827_Chrome_1762588847904.jpg,249585
/levqor-day2/attached_assets/Screenshot_20251108_074836_Chrome_1762588189945.jpg,373955
/levqor-day2/attached_assets/Screenshot_20251108_074836_Chrome_1762588847900.jpg,373955
/levqor-day2/attached_assets/Screenshot_20251108_074901_Chrome_1762588189939.jpg,283448
/levqor-day2/attached_assets/Screenshot_20251108_074901_Chrome_1762588847894.jpg,283448
/levqor-day2/attached_assets/Screenshot_20251108_074915_Chrome_1762588189915.jpg,359188
/levqor-day2/attached_assets/Screenshot_20251108_074915_Chrome_1762588847866.jpg,359188
/levqor-day2/attached_assets/Screenshot_20251108_082538_Replit_1762590350728.jpg,851846
/levqor-day2/attached_assets/Screenshot_20251108_141950_Replit_1762611688156.jpg,326344
/levqor-day2/attached_assets/Screenshot_20251108_141950_Replit_1762613942526.jpg,326344
/levqor-day2/attached_assets/Screenshot_20251108_152000_Replit_1762615364586.jpg,319596
/levqor-day2/attached_assets/Screenshot_20251108_152000_Replit_1762615414306.jpg,319596
/levqor-day2/attached_assets/Screenshot_20251108_152104_ChatGPT_1762615364578.jpg,402490
/levqor-day2/attached_assets/Screenshot_20251108_152104_ChatGPT_1762615414289.jpg,402490
/levqor-day2/attached_assets/Screenshot_20251108_152118_ChatGPT_1762615364520.jpg,568460
/levqor-day2/attached_assets/Screenshot_20251108_152118_ChatGPT_1762615414282.jpg,568460
/levqor-day2/attached_assets/Screenshot_20251108_152502_One UI Home_1762615527252.jpg,462942
/levqor-day2/attached_assets/Screenshot_20251108_163552_Replit_1762619774212.jpg,411874
/levqor-day2/attached_assets/Screenshot_20251108_194509_Replit_1762631137089.jpg,512384
/levqor-day2/attached_assets/Screenshot_20251108_211849_Replit_1762636761742.jpg,489196
/levqor-day2/attached_assets/Screenshot_20251108_212030_Replit_1762636864609.jpg,490327
/levqor-day2/attached_assets/Screenshot_20251108_212030_Replit_1762636902847.jpg,490327
/levqor-day2/attached_assets/Screenshot_20251109_000737_Replit_1762646875766.jpg,548248
/levqor-day2/attached_assets/Screenshot_20251109_133941_Replit_1762695605811.jpg,656834
/levqor-day2/attached_assets/Screenshot_20251110_170616_Gallery_1762794382839.jpg,318550
/levqor-day2/attached_assets/Screenshot_20251110_170616_Gallery_1762794419452.jpg,318550
/levqor-day2/attached_assets/Screenshot_20251110_192754_Chrome_1762802904215.jpg,529393
/levqor-day2/attached_assets/Screenshot_20251110_200403_Chrome_1762805065053.jpg,483880
/levqor-day2/attached_assets/Screenshot_20251111_005856_Chrome_1762822776012.jpg,269782
/levqor-day2/attached_assets/Screenshot_20251111_011046_Chrome_1762823472596.jpg,370849
/levqor-day2/attached_assets/Screenshot_20251111_081821_Chrome_1762849200953.jpg,740958
/levqor-day2/attached_assets/Screenshot_20251111_081900_Chrome_1762849200936.jpg,594803
/levqor-day2/attached_assets/SEO_REPORT_1762588824676.md,490
/levqor-day2/AUTH_IMPLEMENTATION_OPTIONS.md,3456
/levqor-day2/AUTH_SETUP_COMPLETE.md,5764
/levqor-day2/AUTOMATION-NOTION-SUMMARY.md,5430
/levqor-day2/AUTOMATION-SETUP.md,5722
/levqor-day2/BACKUP-RESTORE-PROCEDURE.md,6934
/levqor-day2/BEGINNER_DEPLOYMENT_GUIDE.md,3709
/levqor-day2/BURN-IN-COMMENCED.md,8601
/levqor-day2/CACHE-PURGE-INSTRUCTIONS.md,1703
/levqor-day2/checkout.session.completed,
/levqor-day2/CLOUDFLARE-CONFIGURATION.md,7041
/levqor-day2/CLOUDFLARE-MANUAL-TASKS.md,6992
/levqor-day2/config/flags.json,183
/levqor-day2/COPY_PASTE_VALUES.txt,2372
/levqor-day2/COST_REPORTING_PLAN.md,3173
/levqor-day2/customer.subscription.created,
/levqor-day2/customer.subscription.deleted,
/levqor-day2/customer.subscription.updated,
/levqor-day2/DAY-1-DEPLOYMENT-CHECKLIST.md,2680
/levqor-day2/DAY-1-VERIFICATION-REPORT.md,10730
/levqor-day2/DAY-2-COMPLETION-SUMMARY.md,7573
/levqor-day2/DAY-2-DEPLOYMENT-COMPLETE.md,4686
/levqor-day2/DAY-2-FINAL-VERIFICATION.md,5469
/levqor-day2/DAY-2-FREE-TIER-COMPLETION.md,8481
/levqor-day2/DAY-2-MANUAL-TASKS.md,6679
/levqor-day2/DAY-2-QUICK-ACTION-CARD.md,4007
/levqor-day2/DAY-3-FREEZE-INSTRUCTIONS.md,5974
/levqor-day2/DAY-3-PASS-CRITERIA.md,3140
/levqor-day2/DEPLOY_CHECKOUT_FIX.sh,1011
/levqor-day2/deploy_frontend_complete.sh,2031
/levqor-day2/deploy_frontend_fixed.sh,992
/levqor-day2/deploy_now.sh,515
/levqor-day2/DEPLOY_NOW.txt,3102
/levqor-day2/DEPLOY_PRICING_V2.1.md,6717
/levqor-day2/DEPLOY_PRICING_V7.sh,952
/levqor-day2/DEPLOY_PRICING.md,3396
/levqor-day2/deploy-3-tier.sh,1220
/levqor-day2/DEPLOY-NOW.md,3517
/levqor-day2/deploy.sh,1500
/levqor-day2/DEPLOY.sh,887
/levqor-day2/DEPLOYMENT_INSTRUCTIONS.md,1973
/levqor-day2/DEPLOYMENT_REPORT.md,4097
/levqor-day2/DEPLOYMENT_RUNBOOK.md,5464
/levqor-day2/DEPLOYMENT_STATUS.md,1669
/levqor-day2/DEPLOYMENT_SUCCESS.md,2339
/levqor-day2/DEPLOYMENT_SUMMARY.txt,5289
/levqor-day2/DEPLOYMENT-v7.0.md,8254
/levqor-day2/DNS_TROUBLESHOOT.txt,2898
/levqor-day2/EXPANSION-MONITORING-SUMMARY.md,7494
/levqor-day2/EXPANSION-ROADMAP.md,12502
/levqor-day2/FINAL_DEPLOYMENT_STEPS.txt,4308
/levqor-day2/FINAL_SHIP_LOG.txt,15579
/levqor-day2/FINAL_SHIP_SUMMARY.md,6800
/levqor-day2/finalize-deployment.sh,1768
/levqor-day2/fix-and-deploy.sh,3027
/levqor-day2/FOUR-ACTIONS-COMPLETE.md,10811
/levqor-day2/FRONTEND-DEPLOYMENT-STATUS.md,2882
/levqor-day2/generated-icon.png,9118
/levqor-day2/GENESIS-v8.0-READINESS.md,4784
/levqor-day2/HOW_TO_DEPLOY.md,2360
/levqor-day2/IMPLEMENTATION_SUMMARY.md,4086
/levqor-day2/IMPLEMENTATION-SUMMARY.md,9998
/levqor-day2/integrity_reports/finalizer_report_1762866750.json,2724
/levqor-day2/integrity_reports/integrity_evidence_1762866750.pdf,6578
/levqor-day2/integrity_reports/integrity_report_1762866750.json,2515
/levqor-day2/INTEGRITY-PACK-GUIDE.md,10779
/levqor-day2/INTELLIGENCE-LOGGING-ENHANCED.md,8362
/levqor-day2/LAUNCH_INSTRUCTIONS.md,3570
/levqor-day2/levqor-site/.deploy,32
/levqor-day2/levqor-site/.deploy-trigger,50
/levqor-day2/levqor-site/.vercel-cache-clear,61
/levqor-day2/levqor-site/index.js,59
/levqor-day2/levqor-site/instrumentation.ts,224
/levqor-day2/levqor-site/levqor_fix_all.sh,4857
/levqor-day2/levqor-site/next.config.js,838
/levqor-day2/levqor-site/next.config.js.bak,92
/levqor-day2/levqor-site/next.config.mjs,257
/levqor-day2/levqor-site/package-lock.json,166746
/levqor-day2/levqor-site/package.json,681
/levqor-day2/levqor-site/sentry.client.config.ts,417
/levqor-day2/levqor-site/sentry.edge.config.ts,237
/levqor-day2/levqor-site/sentry.server.config.ts,237
/levqor-day2/levqor-site/src/app/(catchall)/[...slug]/page.tsx,99
/levqor-day2/levqor-site/src/app/admin/insights/page.tsx,9772
/levqor-day2/levqor-site/src/app/contact/page.tsx,1799
/levqor-day2/levqor-site/src/app/dashboard/page.tsx,3606
/levqor-day2/levqor-site/src/app/developer/docs/page.tsx,13042
/levqor-day2/levqor-site/src/app/developer/keys/page.tsx,14006
/levqor-day2/levqor-site/src/app/developer/page.tsx,11625
/levqor-day2/levqor-site/src/app/docs/page.tsx,1906
/levqor-day2/levqor-site/src/app/error.tsx,1405
/levqor-day2/levqor-site/src/app/globals.css,485
/levqor-day2/levqor-site/src/app/insights/data/page.tsx,7245
/levqor-day2/levqor-site/src/app/insights/page.tsx,5530
/levqor-day2/levqor-site/src/app/intelligence/page.tsx,11230
/levqor-day2/levqor-site/src/app/layout.tsx,8370
/levqor-day2/levqor-site/src/app/loading.tsx,811
/levqor-day2/levqor-site/src/app/marketplace/page.tsx,6141
/levqor-day2/levqor-site/src/app/not-found.tsx,1300
/levqor-day2/levqor-site/src/app/page.tsx,8875
/levqor-day2/levqor-site/src/app/pricing/page.tsx,19004
/levqor-day2/levqor-site/src/app/privacy/page.tsx,1535
/levqor-day2/levqor-site/src/app/robots.ts,287
/levqor-day2/levqor-site/src/app/signin/error.tsx,1103
/levqor-day2/levqor-site/src/app/signin/loading.tsx,395
/levqor-day2/levqor-site/src/app/signin/page.tsx,5464
/levqor-day2/levqor-site/src/app/signin/verify/page.tsx,988
/levqor-day2/levqor-site/src/app/sitemap.ts,905
/levqor-day2/levqor-site/src/app/terms/page.tsx,1525
/levqor-day2/levqor-site/src/app/thanks/page.tsx,900
/levqor-day2/levqor-site/src/auth.ts,2064
/levqor-day2/levqor-site/src/components/AnalyticsWidget.tsx,5184
/levqor-day2/levqor-site/src/components/DashboardTiles.tsx,1593
/levqor-day2/levqor-site/src/components/Hero.tsx,1561
/levqor-day2/levqor-site/src/components/JsonLd.tsx,219
/levqor-day2/levqor-site/src/components/Logos.tsx,830
/levqor-day2/levqor-site/src/components/providers.tsx,195
/levqor-day2/levqor-site/src/components/StatusPill.tsx,1108
/levqor-day2/levqor-site/src/components/Testimonials.tsx,481
/levqor-day2/levqor-site/src/components/TrustSection.tsx,3852
/levqor-day2/levqor-site/src/middleware.ts,552
/levqor-day2/levqor-site/tsconfig.json,648
/levqor-day2/levqor-site/vercel.json,63
/levqor-day2/levqor.db-shm,32768
/levqor-day2/levqor.db-wal,
/levqor-day2/levqor.db.backup,245760
/levqor-day2/MANUAL_DEPLOY_STEPS.txt,4257
/levqor-day2/NOTION-QUICK-START.md,2939
/levqor-day2/NOTION-SETUP-GUIDE.md,7643
/levqor-day2/package-lock.json,9917
/levqor-day2/package.json,52
/levqor-day2/PHASE_6_3_SUMMARY.md,5375
/levqor-day2/PHASE_6_4_SUMMARY.md,9749
/levqor-day2/PHASE_6_5_STATUS.md,6967
/levqor-day2/PHASE_6_5_SUMMARY.md,6722
/levqor-day2/PHASE_7_PRICING_FINALIZED.md,8515
/levqor-day2/postgresql:/postgres:password@helium/heliumdb?sslmode=disable,20480
/levqor-day2/PRODUCTION_CHECKLIST.md,3819
/levqor-day2/public_smoke.sh,5314
/levqor-day2/QUICK_SETUP_GUIDE.md,4078
/levqor-day2/READY_TO_DEPLOY.md,2995
/levqor-day2/RELEASE-VALIDATION-REPORT.md,11161
/levqor-day2/replit.md,5260
/levqor-day2/reports/EXPANSION-MONITOR.md,1322
/levqor-day2/SECURITY-HARDENING-REPORT.md,26635
/levqor-day2/setup_auth.sh,6156
/levqor-day2/setup_oauth_automated.sh,6484
/levqor-day2/setup_stripe_and_vercel.sh,9878
/levqor-day2/SOFT-START-STATUS.md,6316
/levqor-day2/src/app/admin/insights/page.tsx,74
/levqor-day2/src/app/insights/page.tsx,563
/levqor-day2/src/app/not-found.tsx,778
/levqor-day2/src/app/page.tsx,1272
/levqor-day2/START_HERE.md,6794
/levqor-day2/STATUS_SUMMARY.md,1320
/levqor-day2/STRIPE_3_TIER_SETUP.md,4079
/levqor-day2/STRIPE_CHECKOUT_FIXED.md,3402
/levqor-day2/STRIPE_SETUP_CHECKLIST.md,1070
/levqor-day2/templates/admin/flags.html,6071
/levqor-day2/triage_and_fix.sh,4707
/levqor-day2/TRIAGE_COMPLETION_REPORT.md,3570
/levqor-day2/TRIAGE_GAP_ANALYSIS.md,2940
/levqor-day2/V6_5_ROUTING_REPORT.md,6118
/levqor-day2/VALIDATION-STEP-1.md,3971
/levqor-day2/VERCEL_DASHBOARD_DEPLOY.txt,3305
/levqor-day2/VERIFICATION_REPORT.md,3618
/levqor-day2/verify_all.sh,8797
/levqor-day2/VERIFY_AND_REDEPLOY.txt,3360
/levqor-day2/VERIFY_DOMAIN.txt,2236
/levqor-day2/verify_release.sh,3781
/levqor-day2/verify_v6_2.sh,9817
/levqor-day2/verify_v6_4.sh,7968
/levqor-day2/verify_v6_5.sh,5683
/levqor-site/.deploy,32
/levqor-site/.deploy-trigger,50
/levqor-site/.env.example,831
/levqor-site/.env.production,210
/levqor-site/.vercel-cache-clear,61
/levqor-site/index.js,59
/levqor-site/instrumentation.ts,224
/levqor-site/levqor_fix_all.sh,4857
/levqor-site/next.config.js,838
/levqor-site/next.config.js.bak,92
/levqor-site/next.config.mjs,257
/levqor-site/package-lock.json,166746
/levqor-site/package.json,681
/levqor-site/sentry.client.config.ts,417
/levqor-site/sentry.edge.config.ts,237
/levqor-site/sentry.server.config.ts,237
/levqor-site/src/app/(catchall)/[...slug]/page.tsx,99
/levqor-site/src/app/admin/insights/page.tsx,9772
/levqor-site/src/app/build.ts,45
/levqor-site/src/app/contact/page.tsx,1799
/levqor-site/src/app/dashboard/page.tsx,3606
/levqor-site/src/app/developer/docs/page.tsx,13042
/levqor-site/src/app/developer/keys/page.tsx,14006
/levqor-site/src/app/developer/page.tsx,11625
/levqor-site/src/app/docs/page.tsx,1906
/levqor-site/src/app/error.tsx,1405
/levqor-site/src/app/globals.css,148
/levqor-site/src/app/insights/data/page.tsx,7245
/levqor-site/src/app/insights/page.tsx,5530
/levqor-site/src/app/intelligence/page.tsx,11230
/levqor-site/src/app/layout.tsx,8400
/levqor-site/src/app/loading.tsx,811
/levqor-site/src/app/marketplace/page.tsx,6141
/levqor-site/src/app/not-found.tsx,1300
/levqor-site/src/app/page.tsx,8875
/levqor-site/src/app/pricing/page.tsx,19004
/levqor-site/src/app/privacy/page.tsx,1535
/levqor-site/src/app/robots.ts,287
/levqor-site/src/app/signin/error.tsx,1103
/levqor-site/src/app/signin/loading.tsx,395
/levqor-site/src/app/signin/page.tsx,5464
/levqor-site/src/app/signin/verify/page.tsx,988
/levqor-site/src/app/sitemap.ts,905
/levqor-site/src/app/terms/page.tsx,1525
/levqor-site/src/app/thanks/page.tsx,900
/levqor-site/src/app/workflow/page.tsx,2666
/levqor-site/src/auth.ts,2064
/levqor-site/src/components/AnalyticsWidget.tsx,5184
/levqor-site/src/components/DashboardTiles.tsx,1593
/levqor-site/src/components/Hero.tsx,1561
/levqor-site/src/components/JsonLd.tsx,219
/levqor-site/src/components/Logos.tsx,830
/levqor-site/src/components/Pricing.tsx,1641
/levqor-site/src/components/providers.tsx,195
/levqor-site/src/components/StatusPill.tsx,1108
/levqor-site/src/components/Testimonials.tsx,481
/levqor-site/src/components/TrustSection.tsx,3852
/levqor-site/src/components/WorkflowTiles.tsx,1017
/levqor-site/src/middleware.ts,565
/levqor-site/src/styles/tokens.css,235
/levqor-site/tsconfig.json,648
/levqor-site/vercel.json,105
/levqor.db-shm,32768
/levqor.db-wal,
/levqor.db.backup,245760
/MANUAL_DEPLOY_STEPS.txt,4257
/NOTION-QUICK-START.md,2939
/NOTION-SETUP-GUIDE.md,7643
/package-lock.json,9917
/package.json,52
/PHASE_6_3_SUMMARY.md,5375
/PHASE_6_4_SUMMARY.md,9749
/PHASE_6_5_STATUS.md,6967
/PHASE_6_5_SUMMARY.md,6722
/PHASE_7_PRICING_FINALIZED.md,8515
/postgresql:/postgres:password@helium/heliumdb?sslmode=disable,20480
/PRODUCTION_CHECKLIST.md,3819
/public_smoke.sh,5314
/QUICK_SETUP_GUIDE.md,4078
/READY_TO_DEPLOY.md,2995
/RELEASE-VALIDATION-REPORT.md,11161
/replit.md,5260
/reports/EXPANSION-MONITOR.md,1322
/SECURITY-HARDENING-REPORT.md,26635
/setup_auth.sh,6156
/setup_oauth_automated.sh,6484
/setup_stripe_and_vercel.sh,9878
/SOFT-START-STATUS.md,6316
/src/app/admin/insights/page.tsx,74
/src/app/insights/page.tsx,563
/src/app/not-found.tsx,778
/src/app/page.tsx,1272
/START_HERE.md,6794
/STATUS_SUMMARY.md,1320
/STRIPE_3_TIER_SETUP.md,4079
/STRIPE_CHECKOUT_FIXED.md,3402
/STRIPE_SETUP_CHECKLIST.md,1070
/templates/admin/flags.html,6071
/triage_and_fix.sh,4707
/TRIAGE_COMPLETION_REPORT.md,3570
/TRIAGE_GAP_ANALYSIS.md,2940
/V6_5_ROUTING_REPORT.md,6118
/VALIDATION-STEP-1.md,3971
/VERCEL_DASHBOARD_DEPLOY.txt,3305
/VERIFICATION_REPORT.md,3618
/verify_all.sh,8797
/VERIFY_AND_REDEPLOY.txt,3360
/VERIFY_DOMAIN.txt,2236
/verify_release.sh,3781
/verify_v6_2.sh,9817
/verify_v6_4.sh,7968
/verify_v6_5.sh,5683